reading_id,recorded_at,building_zone,sensor_id,floor_number,occupancy_count,outdoor_temp_c,outdoor_humidity_pct,outdoor_pm25_ug_m3,indoor_temp_c,indoor_humidity_pct,co2_ppm,pm25_ug_m3,tvoc_ppb,air_flow_m3_h,fan_speed_rpm,hvac_power_kw,filter_pressure_pa,vibration_mm_s,maintenance_days,window_open_pct,equipment_age_years,firmware_version,diagnostic_state
1,2025-01-01T08:00,B06-Z01,S0015,1,,22.95,55.04,66.55,23.01,62.84,448.69,28.39,313.45,1841.72,805.52,20.47,165.59,1.07,41,64.75,6.8,v2.0.1,normal
2,2025-01-01T08:30,B03-Z01,S0020,1,18,31.74,49.6,41.59,29.89,51.88,507.29,13.02,301.22,2443.19,993.71,18.12,211.45,2.32,75,3.67,9.4,v1.1.0,normal
3,2025-01-01T09:00,B01-Z04,S0049,4,24,29.44,61.42,40.91,26.7,50.34,729.1,20.23,420.9,2652.78,847.55,19.28,190.2,1.07,9,61.47,7.7,v2.1.3,normal
4,2025-01-01T09:30,B03-Z01,S0009,1,37,34.97,84.44,37.03,34.9,52.91,721.8,16.21,287.58,2170.83,1442.41,21.17,171.75,3.79,29,39.48,1.9,v1.1.0,normal
5,2025-01-01T10:00,B06-Z02,S0055,2,21,24.93,71.81,47.76,22.44,56.06,731.0,24.08,229.56,1960.37,1225.5,37.12,192.6,3.64,46,21.07,5.1,v1.0.2,normal
6,2025-01-01T10:30,B06-Z01,S0039,1,19,27.14,53.95,41.17,27.11,83.84,2022.43,71.09,153.94,1079.16,1631.29,47.22,335.66,0.58,137,65.28,7.4,v1.1.0,ventilation_issue
7,2025-01-01T11:00,B06-Z02,S0061,2,33,20.97,68.75,57.46,32.74,90.44,977.63,38.84,156.68,2055.54,806.11,54.97,237.32,0.37,16,47.08,2.6,v1.0.2,thermal_issue
8,2025-01-01T11:30,B03-Z03,S0010,3,22,23.01,66.84,52.75,23.35,62.65,610.15,19.67,242.14,2462.16,1142.23,25.18,120.38,2.66,87,7.87,7.7,v1.0.2,normal
9,2025-01-01T12:00,B02-Z04,S0025,4,5,26.08,63.98,34.5,23.58,63.47,566.23,19.26,390.99,2570.46,849.84,16.26,219.92,2.0,98,32.08,0.5,v2.1.3,normal
10,2025-01-01T12:30,B03-Z01,S0119,1,20,26.19,64.04,82.01,31.16,73.89,1818.41,85.23,287.83,837.37,868.09,59.22,401.09,3.28,48,76.86,1.1,v1.0.2,ventilation_issue
11,2025-01-01T13:00,B06-Z02,S0111,2,15,20.16,85.06,32.24,19.73,57.39,558.34,15.32,111.04,2531.9,807.92,38.37,132.47,1.9,145,74.86,9.5,v1.0.2,normal
12,2025-01-01T13:30,B05-Z02,S0028,2,42,20.38,60.71,19.82,17.85,50.7,564.6,9.18,176.76,2223.52,890.98,39.6,198.78,3.59,142,9.23,1.9,v2.0.1,normal
13,2025-01-01T14:00,B05-Z04,S0027,4,40,21.66,73.54,33.48,20.59,63.11,699.21,10.97,123.02,2393.01,1603.29,21.92,110.39,2.77,39,8.95,5.4,v2.0.1,normal
14,2025-01-01T14:30,B05-Z03,S0071,3,26,20.29,58.87,77.93,21.07,62.21,716.65,28.29,352.3,2149.34,950.49,17.57,195.81,1.13,106,63.99,0.7,v2.0.1,normal
15,2025-01-01T15:00,B04-Z02,S0103,2,14,31.23,56.17,26.14,31.44,52.65,432.78,11.53,317.41,2079.4,1098.47,37.96,148.46,1.28,131,61.87,4.1,v2.0.1,normal
16,2025-01-01T15:30,B01-Z01,S0015,1,12,22.7,71.13,83.85,21.93,74.91,1445.69,134.81,336.43,949.12,1411.52,59.61,336.19,,51,43.08,3.8,v1.0.2,ventilation_issue
17,2025-01-01T16:00,B06-Z02,S0118,2,43,23.65,83.16,65.38,21.45,51.19,554.77,27.51,127.87,2213.92,978.66,18.18,156.25,1.72,149,24.31,6.0,v2.0.1,normal
18,2025-01-01T16:30,B04-Z03,S0057,3,43,21.85,66.29,78.08,22.63,48.39,447.98,35.5,374.56,2686.12,1453.22,23.38,200.03,0.46,117,48.9,4.2,v1.1.0,normal
19,2025-01-01T17:00,B06-Z03,S0090,3,35,25.19,51.64,63.13,26.55,62.21,712.2,33.68,390.85,2106.38,1306.13,35.1,186.55,3.1,114,79.03,6.0,v2.1.3,normal
20,2025-01-01T17:30,B05-Z02,S0058,2,17,31.39,66.36,33.14,31.87,75.94,1865.81,45.37,408.28,1101.4,981.86,41.86,330.85,0.83,107,12.22,4.2,v2.1.3,ventilation_issue
21,2025-01-01T18:00,B04-Z02,S0008,2,26,25.56,85.72,55.89,25.73,62.13,672.65,23.14,346.51,1808.25,1212.8,23.79,192.88,3.44,100,21.83,3.5,v2.1.3,normal
22,2025-01-01T18:30,B06-Z04,S0022,4,20,34.55,89.13,52.39,38.99,74.8,1763.0,51.11,187.47,942.89,1014.43,56.67,345.44,1.63,21,66.55,4.7,v1.0.2,ventilation_issue
23,2025-01-01T19:00,B03-Z04,S0029,4,44,32.06,74.33,67.8,33.76,48.99,426.73,23.44,203.87,1976.71,939.2,31.74,172.04,3.67,80,62.22,1.5,v1.0.2,normal
24,2025-01-01T19:30,B03-Z02,S0074,2,36,35.25,62.85,65.05,31.71,58.81,626.99,21.5,195.41,2881.47,1522.14,36.26,176.05,1.6,126,27.3,1.4,v2.0.1,normal
25,2025-01-01T20:00,B06-Z01,S0115,1,15,30.73,64.6,66.37,35.52,66.75,1908.2,91.88,93.8,986.8,1122.14,45.89,422.34,1.15,8,48.83,4.9,v2.0.1,ventilation_issue
26,2025-01-01T20:30,B02-Z02,S0063,2,44,32.36,60.32,76.62,32.57,50.53,423.35,44.78,337.62,1919.86,1006.81,33.0,163.74,0.36,149,32.35,3.8,v2.0.1,normal
27,2025-01-01T21:00,B04-Z02,S0096,2,17,24.33,65.42,36.46,21.71,59.43,524.13,19.06,440.88,3131.23,993.36,32.25,131.07,1.29,46,15.53,3.2,v1.1.0,normal
28,2025-01-01T21:30,B03-Z01,S0006,1,30,27.96,76.38,23.84,39.1,80.8,1036.36,15.01,85.48,1763.28,1489.47,56.01,173.97,2.32,78,12.14,1.3,v1.1.0,thermal_issue
29,2025-01-01T22:00,B01-Z04,S0072,4,6,28.91,80.58,30.8,31.05,71.26,1542.72,51.56,141.04,1392.03,863.81,42.63,406.94,2.61,1,13.91,4.2,v2.1.3,ventilation_issue
30,2025-01-01T22:30,B03-Z02,S0005,2,41,30.73,76.63,46.78,30.85,63.48,679.98,22.81,163.6,2725.66,1500.6,38.34,156.77,0.51,74,47.6,4.5,v2.1.3,normal
31,2025-01-01T23:00,B06-Z03,S0039,3,36,34.97,67.52,49.57,31.45,45.8,562.57,19.66,68.09,2150.52,948.91,17.28,215.81,3.17,133,61.05,6.4,v2.0.1,normal
32,2025-01-01T23:30,B02-Z02,S0075,2,35,32.66,88.61,47.9,31.11,51.42,454.52,16.68,,2376.3,1535.17,27.39,182.88,1.18,1,61.8,6.4,v2.1.3,normal
33,2025-01-02T00:00,B04-Z02,S0007,2,38,24.51,79.04,58.78,25.07,49.07,601.24,33.99,336.82,2413.36,1515.19,32.46,123.36,0.35,30,17.98,4.7,v1.0.2,normal
34,2025-01-02T00:30,B06-Z01,S0107,1,8,34.79,58.13,64.38,33.28,54.65,575.83,28.14,167.74,2002.5,1497.47,19.77,175.93,1.75,73,40.62,7.0,v2.1.3,normal
35,2025-01-02T01:00,B02-Z01,S0058,1,30,24.21,69.84,53.04,22.94,51.44,482.26,27.01,376.45,2600.52,1221.03,20.84,195.31,2.62,10,78.47,1.6,v2.0.1,normal
36,2025-01-02T01:30,B01-Z04,S0112,4,5,19.79,85.97,16.07,19.65,81.77,2069.96,15.55,392.41,1225.22,1445.49,41.63,407.26,1.63,139,57.5,0.8,v1.0.2,ventilation_issue
37,2025-01-02T02:00,B02-Z04,S0081,4,3,23.17,55.24,21.33,25.04,60.21,652.28,7.04,206.19,2032.91,944.49,22.49,113.18,2.16,21,63.4,6.0,v2.1.3,normal
38,2025-01-02T02:30,B05-Z04,S0088,4,22,34.43,51.44,47.28,31.95,50.11,423.1,25.6,176.67,3061.69,1649.47,31.94,127.38,2.72,124,24.17,1.5,v2.1.3,normal
39,2025-01-02T03:00,B05-Z03,S0046,3,18,35.87,58.29,83.46,35.82,50.49,606.76,42.21,149.75,2842.54,1442.24,16.23,176.7,1.07,36,20.05,6.2,v1.0.2,normal
40,2025-01-02T03:30,B03-Z02,S0101,2,10,28.43,77.96,21.31,26.2,59.95,477.96,7.24,381.63,2555.17,897.89,39.29,168.39,3.12,20,27.1,1.8,v1.1.0,normal
41,2025-01-02T04:00,B06-Z02,S0093,2,40,25.15,83.06,54.01,21.69,52.89,507.27,18.21,102.25,2316.02,1577.97,33.73,138.84,0.39,57,44.91,6.3,v2.1.3,normal
42,2025-01-02T04:30,B06-Z03,S0039,3,34,20.1,47.04,17.6,22.08,47.32,497.48,8.12,349.48,2344.1,1146.9,24.28,214.43,1.75,72,39.15,0.8,v2.0.1,normal
43,2025-01-02T05:00,B02-Z03,S0057,3,5,22.25,61.32,83.66,20.45,63.03,632.79,26.62,310.26,2186.23,907.04,39.21,214.39,0.37,145,19.49,2.3,v1.1.0,normal
44,2025-01-02T05:30,B05-Z03,S0028,3,8,22.19,79.85,70.21,24.77,66.93,2084.03,125.59,,1032.17,844.54,54.96,335.39,1.13,108,13.94,5.2,v1.0.2,ventilation_issue
45,2025-01-02T06:00,B04-Z04,S0058,4,30,27.24,49.91,50.27,31.91,61.08,1883.23,84.47,226.25,1017.16,1073.8,46.45,454.96,2.79,38,71.94,1.1,v2.0.1,ventilation_issue
46,2025-01-02T06:30,B05-Z04,S0082,4,13,30.82,62.14,56.82,28.59,55.11,561.97,30.57,406.36,1960.18,1065.67,31.37,206.55,3.2,81,58.37,6.5,v2.0.1,normal
47,2025-01-02T07:00,B02-Z01,S0088,1,22,19.21,82.43,21.53,18.79,78.47,1911.77,30.16,427.04,1069.17,1065.58,49.04,366.15,3.51,27,23.01,5.7,v1.1.0,ventilation_issue
48,2025-01-02T07:30,B02-Z01,S0085,1,35,33.25,60.76,53.94,29.94,50.57,494.63,23.13,,2585.35,1397.29,34.19,178.39,3.2,80,14.43,8.8,v2.0.1,normal
49,2025-01-02T08:00,B01-Z01,S0024,1,36,28.19,63.04,24.93,30.99,60.77,1846.11,27.26,404.5,935.87,1176.65,43.52,371.81,2.94,109,6.53,4.9,v2.1.3,ventilation_issue
50,2025-01-02T08:30,B04-Z02,S0035,2,13,27.22,60.53,22.76,27.29,56.86,593.89,8.93,358.02,2108.73,909.81,39.61,116.03,0.72,137,34.45,6.8,v2.0.1,normal
51,2025-01-02T09:00,B01-Z03,S0051,3,39,18.76,45.84,79.48,22.93,74.39,1673.4,122.28,328.95,934.16,1140.38,37.88,322.92,1.83,21,34.85,4.1,v2.0.1,ventilation_issue
52,2025-01-02T09:30,B06-Z04,S0044,4,16,32.02,48.44,59.33,31.2,48.88,676.16,24.05,294.94,3141.51,1220.0,31.14,126.25,2.59,145,61.83,7.3,v2.1.3,normal
53,2025-01-02T10:00,B06-Z02,S0119,2,4,29.57,89.39,37.62,34.4,67.9,1539.76,49.73,236.25,1105.11,1527.0,54.91,402.8,3.21,130,69.14,4.0,v1.0.2,ventilation_issue
54,2025-01-02T10:30,B04-Z03,S0117,3,15,29.73,59.47,48.29,29.64,61.55,1203.5,82.54,446.48,874.75,1129.3,52.86,390.64,2.43,87,73.43,6.6,v1.0.2,ventilation_issue
55,2025-01-02T11:00,B06-Z01,S0083,1,19,23.93,70.11,42.06,21.44,62.03,738.26,20.22,332.41,2010.52,1120.18,17.04,183.0,2.38,85,24.77,7.8,v1.0.2,normal
56,2025-01-02T11:30,B06-Z01,S0086,1,34,24.51,61.32,27.62,21.8,63.95,580.47,10.16,404.64,1992.59,911.39,16.93,202.89,,97,61.3,1.9,v1.1.0,normal
57,2025-01-02T12:00,B06-Z03,S0099,3,30,34.25,77.45,18.06,32.44,59.39,739.96,8.73,135.67,2853.35,1461.41,34.6,135.74,2.3,129,61.56,5.2,v1.1.0,normal
58,2025-01-02T12:30,B02-Z03,S0103,3,32,33.71,47.35,48.64,31.94,63.69,654.76,22.12,230.61,1974.55,822.67,17.1,127.63,1.08,14,27.97,4.1,v2.0.1,normal
59,2025-01-02T13:00,B02-Z04,S0050,4,45,24.75,46.27,80.16,35.7,84.3,995.69,36.48,299.99,1544.26,1599.19,65.74,240.49,0.37,136,11.96,4.3,v2.0.1,thermal_issue
60,2025-01-02T13:30,B02-Z04,S0039,4,0,22.29,73.75,58.6,18.67,61.73,584.94,27.0,153.82,2684.74,857.53,29.38,189.04,2.63,135,77.97,5.4,v1.0.2,normal
61,2025-01-02T14:00,B04-Z01,S0112,1,2,29.44,89.15,32.76,25.54,60.77,533.78,17.03,192.03,2679.56,1206.75,34.29,190.87,3.21,47,78.47,7.8,v1.0.2,normal
62,2025-01-02T14:30,B06-Z03,S0100,3,18,18.67,54.07,70.38,29.93,76.94,755.04,39.36,364.53,2178.49,1556.06,56.83,154.76,1.46,113,29.44,8.6,v2.1.3,thermal_issue
63,2025-01-02T15:00,B03-Z03,S0024,3,42,26.96,86.59,51.35,27.77,59.54,446.05,24.69,233.91,2951.28,1417.79,28.64,145.33,0.88,91,35.77,6.0,v2.1.3,normal
64,2025-01-02T15:30,B03-Z01,S0082,1,,35.06,48.38,59.63,42.92,87.62,939.71,46.58,363.62,1371.34,1377.2,60.19,251.57,1.64,95,48.41,3.8,v1.0.2,thermal_issue
65,2025-01-02T16:00,B05-Z03,S0018,3,39,25.16,74.23,32.47,21.84,59.71,584.68,13.51,417.43,2586.34,1563.88,21.54,138.63,0.73,114,36.16,9.5,v2.0.1,normal
66,2025-01-02T16:30,B06-Z02,S0045,2,15,27.9,58.07,36.0,24.85,59.19,651.07,12.68,70.25,2306.09,1320.16,20.61,218.36,1.59,23,44.13,1.1,v2.1.3,normal
67,2025-01-02T17:00,B06-Z03,S0093,3,37,25.39,63.42,55.24,22.14,51.34,444.47,24.29,436.84,2524.3,930.06,18.21,201.2,3.49,43,9.93,2.0,v1.1.0,normal
68,2025-01-02T17:30,B03-Z04,S0067,4,42,33.23,56.28,59.45,35.54,63.13,1402.82,82.05,411.78,1002.06,869.04,39.22,451.82,3.53,148,69.1,2.9,v1.1.0,ventilation_issue
69,2025-01-02T18:00,B05-Z03,S0054,3,26,18.55,85.0,53.19,18.4,51.04,500.81,28.84,139.57,2368.53,1531.66,26.34,185.75,1.39,103,58.74,1.7,v2.0.1,normal
70,2025-01-02T18:30,B05-Z01,S0072,1,36,22.35,50.51,46.47,19.2,46.01,731.98,25.99,134.04,2385.39,1222.76,39.07,209.25,3.79,24,70.33,9.0,v2.1.3,normal
71,2025-01-02T19:00,B02-Z04,S0028,4,25,18.88,57.66,56.83,19.94,58.45,514.3,17.19,216.23,1950.5,1228.62,18.35,139.09,0.98,141,5.88,3.0,v1.0.2,normal
72,2025-01-02T19:30,B02-Z01,S0013,1,29,32.31,60.26,80.73,32.84,48.98,588.01,36.33,408.32,1863.42,1324.03,18.43,146.63,3.56,77,31.44,5.8,v2.1.3,normal
73,2025-01-02T20:00,B06-Z03,S0073,3,37,32.68,61.58,62.17,34.56,56.67,682.93,32.18,341.35,2763.26,1514.99,15.67,162.2,0.9,38,49.58,7.9,v1.1.0,normal
74,2025-01-02T20:30,B01-Z02,S0074,2,8,19.98,45.85,36.96,26.46,85.19,805.19,26.24,278.75,2304.63,1190.71,66.82,245.66,1.97,137,76.53,3.6,v2.0.1,thermal_issue
75,2025-01-02T21:00,B06-Z02,S0099,2,44,30.25,81.16,33.51,32.16,83.93,1379.01,39.16,183.65,1353.19,903.59,59.56,427.96,3.57,140,21.88,3.9,v2.1.3,ventilation_issue
76,2025-01-02T21:30,B03-Z04,S0099,4,8,23.23,57.94,64.99,24.31,71.06,1356.44,86.51,348.95,761.65,997.91,48.46,450.62,0.48,26,18.05,4.2,v2.1.3,ventilation_issue
77,2025-01-02T22:00,B01-Z04,S0088,4,5,18.09,69.77,80.04,19.53,83.38,1978.4,106.43,150.57,759.56,1583.25,59.1,364.96,3.28,107,,8.4,v1.1.0,ventilation_issue
78,2025-01-02T22:30,B01-Z02,S0108,2,34,26.92,87.15,82.35,28.48,62.53,423.06,38.74,406.81,1950.22,1081.08,39.57,141.3,2.06,118,64.71,6.3,v1.1.0,normal
79,2025-01-02T23:00,B01-Z01,S0095,1,30,23.31,75.35,28.52,22.98,57.77,553.81,12.22,156.74,2259.1,1056.65,25.02,120.49,1.12,147,76.32,0.6,v2.0.1,normal
80,2025-01-02T23:30,B06-Z03,S0031,3,14,20.13,58.81,43.38,19.15,62.9,652.17,17.06,246.49,1964.38,1575.88,37.9,142.45,3.76,138,56.16,7.7,v1.1.0,normal
81,2025-01-03T00:00,B02-Z04,S0088,4,20,33.72,48.68,46.27,36.94,61.95,1664.17,44.21,232.32,1038.12,1178.66,47.64,400.18,2.81,15,71.91,4.6,v2.1.3,ventilation_issue
82,2025-01-03T00:30,B04-Z03,S0073,3,4,26.32,81.31,65.63,24.7,61.33,666.12,31.08,244.11,1863.41,1419.9,23.61,117.01,0.93,108,51.32,3.9,v2.1.3,normal
83,2025-01-03T01:00,B04-Z03,S0112,3,0,24.79,48.61,82.49,29.04,63.32,1960.29,83.05,441.61,1394.28,995.21,44.83,337.83,2.82,118,30.34,3.6,v2.0.1,ventilation_issue
84,2025-01-03T01:30,B02-Z03,S0120,3,3,31.78,46.45,61.21,34.47,83.41,1989.04,68.35,77.25,653.83,919.12,49.85,382.5,2.19,75,62.09,2.6,v2.0.1,ventilation_issue
85,2025-01-03T02:00,B05-Z03,S0077,3,43,32.73,55.66,76.34,37.64,73.03,1513.56,87.61,253.29,1045.37,1070.92,49.79,422.93,3.6,107,62.86,4.2,v2.0.1,ventilation_issue
86,2025-01-03T02:30,B04-Z01,S0024,1,13,26.52,83.22,36.05,29.77,80.14,2014.74,50.69,90.84,1374.23,843.81,48.93,338.77,1.6,97,66.35,6.6,v1.0.2,ventilation_issue
87,2025-01-03T03:00,B01-Z03,S0025,3,30,28.58,75.22,30.19,28.83,82.68,1403.19,51.87,331.29,769.45,1040.6,39.75,423.81,1.69,120,25.73,5.3,v2.0.1,ventilation_issue
88,2025-01-03T03:30,B03-Z02,S0034,2,1,33.89,65.97,71.2,34.22,60.23,525.68,25.7,424.56,2238.09,1122.86,16.14,205.05,1.76,63,26.39,5.0,v2.0.1,normal
89,2025-01-03T04:00,B03-Z01,S0098,1,3,35.4,73.88,49.34,35.41,79.87,1269.27,76.39,387.24,990.65,916.87,57.92,395.9,3.16,60,0.51,1.1,v1.1.0,ventilation_issue
90,2025-01-03T04:30,B01-Z01,S0028,1,18,24.72,72.8,61.67,24.42,54.66,580.99,18.62,,2572.3,890.96,15.3,168.24,2.66,25,72.78,5.2,v1.1.0,normal
91,2025-01-03T05:00,B02-Z03,S0080,3,41,32.67,57.03,42.78,30.91,53.12,606.45,25.54,96.47,2116.2,945.68,32.1,203.27,2.23,128,0.76,8.1,v2.0.1,normal
92,2025-01-03T05:30,B05-Z03,S0110,3,42,34.11,86.36,31.08,45.47,85.23,883.39,15.8,,2308.99,1439.42,62.11,186.45,1.4,102,46.96,8.9,v2.0.1,thermal_issue
93,2025-01-03T06:00,B02-Z02,S0073,2,27,33.02,62.51,77.76,31.01,60.11,466.18,46.39,89.65,2813.83,1077.42,27.52,217.18,2.45,70,77.51,7.6,v2.1.3,normal
94,2025-01-03T06:30,B04-Z04,S0030,4,40,34.94,64.43,62.58,34.9,46.71,624.14,33.76,211.95,2798.35,1447.14,17.05,126.96,0.62,27,35.58,1.7,v1.1.0,normal
95,2025-01-03T07:00,B04-Z02,S0058,2,35,27.22,49.65,21.27,26.55,56.94,678.86,11.89,441.49,1817.28,1055.96,25.35,195.71,0.89,127,11.11,1.8,v1.1.0,normal
96,2025-01-03T07:30,B04-Z02,S0036,2,39,26.72,48.46,32.62,24.2,57.5,615.96,11.7,396.26,1949.76,1305.23,22.62,214.37,1.81,77,52.08,3.4,v1.1.0,normal
97,2025-01-03T08:00,B04-Z04,S0041,4,12,25.17,59.36,66.44,24.97,64.36,678.05,26.43,272.8,2192.42,1402.11,34.65,150.15,2.23,113,36.93,7.7,v1.0.2,normal
98,2025-01-03T08:30,B04-Z02,S0087,2,44,29.4,55.89,61.11,29.69,60.78,444.41,36.5,74.34,2470.93,1577.24,25.02,165.73,2.76,28,47.51,7.4,v2.0.1,normal
99,2025-01-03T09:00,B02-Z02,S0083,2,44,28.14,74.03,60.27,29.94,51.63,682.76,20.0,233.85,1938.05,1093.22,20.55,192.15,3.0,7,40.04,4.8,v2.0.1,normal
100,2025-01-03T09:30,B04-Z02,S0118,2,19,20.09,87.33,24.92,27.62,80.02,703.43,14.78,337.2,1771.4,1480.04,55.95,240.58,,63,8.75,5.1,v1.1.0,thermal_issue
101,2025-01-03T10:00,B03-Z03,S0072,3,,26.32,80.9,59.08,23.44,58.15,550.54,30.79,168.55,3036.34,1256.36,26.24,157.25,3.09,94,63.96,3.4,v2.1.3,normal
102,2025-01-03T10:30,B01-Z04,S0034,4,39,26.81,88.47,36.94,25.14,52.85,457.7,14.98,322.12,2441.0,920.15,19.31,184.09,1.14,100,29.86,4.3,v1.1.0,normal
103,2025-01-03T11:00,B05-Z03,S0050,3,0,26.76,69.18,79.34,28.34,48.46,475.07,30.68,136.1,2061.94,1217.97,36.05,178.14,2.27,114,32.73,4.9,v1.0.2,normal
104,2025-01-03T11:30,B05-Z03,S0004,3,34,21.97,46.47,30.74,22.7,79.52,1665.65,49.04,203.08,996.25,1641.31,47.77,400.18,0.45,27,43.71,7.1,v1.1.0,ventilation_issue
105,2025-01-03T12:00,B03-Z02,S0112,2,40,26.1,60.69,72.17,34.45,91.87,987.82,35.71,300.3,2172.84,1252.44,59.7,195.58,3.15,138,45.61,2.0,v2.0.1,thermal_issue
106,2025-01-03T12:30,B03-Z02,S0074,2,15,33.44,89.35,62.55,30.01,64.26,679.28,36.01,185.62,3189.48,1337.54,36.68,123.96,3.25,107,11.37,3.9,v1.0.2,normal
107,2025-01-03T13:00,B06-Z01,S0102,1,29,19.68,68.2,34.48,24.3,69.23,2050.25,41.19,331.94,601.98,1501.12,54.35,422.58,3.08,127,77.45,2.9,v2.0.1,ventilation_issue
108,2025-01-03T13:30,B03-Z03,S0071,3,0,28.19,66.84,39.06,28.29,45.97,452.86,20.9,226.84,2443.41,1543.26,18.11,204.34,3.48,71,24.15,1.3,v2.0.1,normal
109,2025-01-03T14:00,B03-Z01,S0011,1,14,34.27,52.45,42.74,32.1,58.99,497.27,21.23,233.58,2785.18,1531.29,15.03,162.45,,34,9.65,4.8,v1.1.0,normal
110,2025-01-03T14:30,B04-Z01,S0012,1,,19.84,59.1,76.67,16.66,60.47,668.54,26.06,231.64,3190.12,1383.58,18.57,168.36,2.5,56,32.94,1.3,v1.0.2,normal
111,2025-01-03T15:00,B02-Z01,S0097,1,1,31.14,60.82,45.06,31.89,49.96,632.72,16.87,316.78,2641.4,1051.21,33.03,141.34,2.11,14,59.83,7.6,v1.1.0,normal
112,2025-01-03T15:30,B04-Z04,S0050,4,30,26.99,71.73,51.98,28.86,64.74,728.2,17.65,360.44,3005.14,833.85,29.21,150.2,,16,20.97,9.0,v2.1.3,normal
113,2025-01-03T16:00,B05-Z01,S0037,1,34,27.02,63.69,64.13,23.51,55.73,623.3,24.58,288.71,2233.87,1171.86,27.78,132.35,2.57,62,24.81,1.0,v1.0.2,normal
114,2025-01-03T16:30,B04-Z02,S0015,2,16,28.96,58.92,66.92,29.4,47.39,653.61,34.16,109.5,2029.37,824.95,38.83,167.53,1.24,110,61.71,2.9,v1.0.2,normal
115,2025-01-03T17:00,B03-Z01,S0092,1,32,29.3,67.33,50.75,35.16,88.91,683.44,23.49,,2127.99,1582.19,67.36,237.64,0.34,46,29.12,8.9,v1.0.2,thermal_issue
116,2025-01-03T17:30,B05-Z02,S0103,2,33,31.33,63.87,37.53,32.83,78.01,1371.26,36.41,432.09,898.25,1078.21,47.55,446.27,1.93,142,67.59,4.6,v2.0.1,ventilation_issue
117,2025-01-03T18:00,B02-Z03,S0038,3,,23.47,73.02,47.47,23.02,54.87,674.96,17.02,150.87,3060.62,801.24,34.01,136.96,3.24,97,76.08,8.1,v2.0.1,normal
118,2025-01-03T18:30,B01-Z04,S0027,4,5,22.29,67.14,19.19,24.27,59.23,450.7,11.06,257.12,3056.2,1363.08,27.99,187.09,1.68,34,4.98,2.6,v2.0.1,normal
119,2025-01-03T19:00,B03-Z03,S0119,3,26,30.61,78.09,37.26,31.24,61.87,1302.71,59.69,199.73,1067.77,876.86,38.89,343.01,1.88,78,68.2,7.9,v1.0.2,ventilation_issue
120,2025-01-03T19:30,B02-Z03,S0107,3,35,20.67,77.0,82.79,22.05,61.22,1398.84,135.62,240.2,739.09,1505.82,58.8,439.64,0.79,57,,1.7,v2.1.3,ventilation_issue
121,2025-01-03T20:00,B03-Z04,S0088,4,21,29.6,71.2,33.12,30.48,45.44,441.28,18.9,427.49,2420.8,1221.71,18.22,209.56,3.53,98,57.95,6.6,v1.1.0,normal
122,2025-01-03T20:30,B03-Z04,S0028,4,26,22.95,65.07,25.4,25.63,75.42,1747.28,34.26,405.01,1306.22,1640.99,46.98,332.28,2.51,92,63.59,4.8,v2.1.3,ventilation_issue
123,2025-01-03T21:00,B03-Z04,S0117,4,14,23.79,57.17,16.82,23.37,45.59,687.53,6.46,99.05,2932.12,847.52,26.79,149.32,1.23,57,73.38,5.7,v2.1.3,normal
124,2025-01-03T21:30,B03-Z04,S0120,4,12,33.21,52.92,56.48,37.05,77.44,2013.98,52.27,376.06,1160.45,847.74,58.69,398.9,2.2,57,3.04,0.7,v2.1.3,ventilation_issue
125,2025-01-03T22:00,B01-Z01,S0043,1,23,21.63,50.87,65.19,26.14,81.11,1423.59,59.96,205.7,1069.29,915.98,57.93,428.41,1.68,41,24.14,7.1,v2.1.3,ventilation_issue
126,2025-01-03T22:30,B06-Z01,S0063,1,0,21.14,88.59,63.55,22.71,60.74,493.67,30.29,429.99,2045.49,1312.03,22.67,185.73,3.78,57,2.59,6.3,v1.0.2,normal
127,2025-01-03T23:00,B04-Z04,S0019,4,44,19.4,60.61,37.37,19.22,64.26,691.15,18.72,160.1,2821.0,1623.74,23.39,111.25,0.3,106,58.61,4.9,v2.1.3,normal
128,2025-01-03T23:30,B03-Z04,S0070,4,21,32.92,80.49,55.46,33.47,49.51,568.92,29.93,206.43,1846.78,1304.93,15.5,138.72,2.21,124,7.45,6.8,v2.1.3,normal
129,2025-01-04T00:00,B06-Z01,S0022,1,25,25.82,47.41,38.18,27.67,53.19,602.86,22.06,387.54,2556.18,1362.72,31.51,142.71,1.56,123,23.56,2.3,v1.0.2,normal
130,2025-01-04T00:30,B02-Z03,S0022,3,11,35.59,66.31,23.09,36.3,54.42,715.31,8.76,162.69,2698.61,1439.4,24.69,150.81,1.09,25,4.93,1.3,v2.0.1,normal
131,2025-01-04T01:00,B05-Z02,S0053,2,45,28.62,69.91,73.86,39.44,79.21,867.76,55.16,,1769.79,925.33,67.04,211.91,2.11,115,78.62,2.1,v1.1.0,thermal_issue
132,2025-01-04T01:30,B02-Z03,S0104,3,35,18.77,48.53,62.82,15.98,61.45,468.8,30.06,187.19,2247.65,1329.6,33.18,198.81,1.9,134,62.92,7.5,v1.0.2,normal
133,2025-01-04T02:00,B04-Z02,S0020,2,31,28.58,79.13,80.78,30.13,56.25,453.33,31.17,244.49,2549.89,1141.46,23.6,155.2,1.71,102,54.47,8.5,v2.0.1,normal
134,2025-01-04T02:30,B06-Z03,S0031,3,19,26.55,57.09,41.07,24.58,60.87,522.61,22.71,232.81,3001.53,959.75,32.12,216.97,1.24,55,51.64,8.7,v2.1.3,normal
135,2025-01-04T03:00,B06-Z04,S0063,4,12,33.61,81.95,51.07,33.56,67.78,1606.8,52.2,157.3,1281.04,1499.98,56.98,324.05,3.51,130,21.92,4.1,v1.0.2,ventilation_issue
136,2025-01-04T03:30,B06-Z02,S0004,2,,26.8,65.07,82.24,25.65,56.03,533.6,45.34,392.99,2162.12,975.72,35.77,119.94,1.05,105,18.01,5.1,v1.0.2,normal
137,2025-01-04T04:00,B04-Z04,S0117,4,13,21.12,81.04,30.66,20.77,63.86,655.2,15.72,324.11,2185.53,1363.0,37.39,203.67,1.69,96,40.92,5.6,v2.0.1,normal
138,2025-01-04T04:30,B03-Z02,S0088,2,38,19.15,89.48,59.84,20.32,50.22,654.66,33.97,184.64,2218.31,1570.87,18.75,194.2,0.39,104,23.65,4.0,v1.0.2,normal
139,2025-01-04T05:00,B05-Z03,S0091,3,35,32.69,60.44,64.94,42.65,84.04,837.87,50.41,98.07,1630.2,955.61,52.5,172.1,1.21,86,61.03,6.4,v1.1.0,thermal_issue
140,2025-01-04T05:30,B03-Z04,S0029,4,12,23.53,80.46,38.19,21.09,50.88,700.9,16.85,398.32,3012.95,916.76,29.59,213.87,1.34,52,68.34,3.6,v2.1.3,normal
141,2025-01-04T06:00,B02-Z01,S0041,1,5,21.25,48.64,38.28,26.17,67.84,1158.01,50.03,229.15,767.51,1253.72,54.34,400.68,1.8,96,0.37,9.1,v2.0.1,ventilation_issue
142,2025-01-04T06:30,B05-Z01,S0025,1,29,18.07,78.01,30.84,19.33,51.24,453.89,13.91,292.58,2228.56,1566.18,16.63,115.03,3.41,92,27.42,7.3,v1.1.0,normal
143,2025-01-04T07:00,B04-Z01,S0003,1,3,31.09,50.9,66.39,30.63,48.38,540.98,32.87,78.7,1852.31,1177.67,36.91,138.14,3.23,32,9.26,5.4,v2.1.3,normal
144,2025-01-04T07:30,B06-Z03,S0020,3,18,30.34,45.42,44.46,26.95,55.41,625.52,22.68,101.44,2386.36,971.42,37.47,166.27,1.0,105,41.85,3.2,v1.0.2,normal
145,2025-01-04T08:00,B05-Z02,S0064,2,6,30.39,66.63,31.42,29.47,62.23,1210.43,44.51,311.29,995.28,1491.2,58.74,429.13,3.72,11,4.01,8.2,v2.0.1,ventilation_issue
146,2025-01-04T08:30,B06-Z02,S0041,2,23,20.09,83.31,77.32,16.15,47.77,633.58,30.82,131.32,3052.34,1523.07,38.88,139.51,3.67,108,30.86,6.3,v1.1.0,normal
147,2025-01-04T09:00,B01-Z04,S0017,4,,19.06,87.41,26.16,17.56,56.82,684.75,13.17,387.03,2053.76,1149.59,24.49,149.45,0.76,12,9.03,1.1,v2.0.1,normal
148,2025-01-04T09:30,B01-Z01,S0091,1,30,27.45,78.46,65.66,27.79,83.89,1973.14,89.77,323.76,1150.59,846.38,50.46,380.6,3.24,41,79.02,5.1,v2.1.3,ventilation_issue
149,2025-01-04T10:00,B04-Z04,S0112,4,5,31.53,59.43,38.16,29.2,55.14,601.66,15.78,234.36,2943.94,1150.49,16.97,158.86,2.04,143,8.21,5.4,v1.0.2,normal
150,2025-01-04T10:30,B05-Z04,S0080,4,45,34.02,70.3,60.82,32.76,51.82,692.35,33.15,339.21,2982.04,1505.4,23.3,194.42,2.96,75,27.31,5.4,v2.0.1,normal
151,2025-01-04T11:00,B06-Z03,S0014,3,45,20.95,51.32,65.18,21.28,47.14,621.58,23.22,355.29,3102.3,1557.99,24.82,160.28,2.52,118,9.86,6.4,v1.1.0,normal
152,2025-01-04T11:30,B04-Z04,S0001,4,38,18.87,87.09,73.72,17.77,55.17,723.98,26.04,185.52,2609.98,1011.0,33.26,124.12,1.77,102,55.4,9.2,v2.0.1,normal
153,2025-01-04T12:00,B04-Z03,S0104,3,18,25.43,76.5,67.39,23.22,59.03,704.03,34.61,419.26,3109.72,1261.12,30.81,132.1,2.79,83,14.23,6.9,v2.0.1,normal
154,2025-01-04T12:30,B05-Z02,S0062,2,3,34.97,76.96,62.2,36.33,55.68,709.57,26.54,352.57,1817.88,1387.01,17.66,151.9,1.3,76,67.15,2.3,v1.0.2,normal
155,2025-01-04T13:00,B03-Z04,S0105,4,24,29.09,75.4,54.33,26.44,57.94,548.33,24.63,433.11,2915.57,1013.64,32.4,186.22,1.39,114,1.04,8.0,v2.0.1,normal
156,2025-01-04T13:30,B05-Z03,S0070,3,16,21.54,77.62,28.54,20.23,64.67,444.57,16.8,287.75,2829.11,930.65,17.98,114.47,1.46,83,12.38,5.9,v2.0.1,normal
157,2025-01-04T14:00,B04-Z04,S0102,4,13,24.45,80.28,37.25,21.77,48.68,442.5,16.82,189.12,2382.3,1277.13,28.43,120.11,3.63,3,37.99,1.5,v2.0.1,normal
158,2025-01-04T14:30,B04-Z03,S0031,3,23,29.05,72.95,82.12,32.15,68.02,2015.93,143.75,258.41,908.7,869.99,48.51,359.6,1.34,25,25.63,2.0,v1.0.2,ventilation_issue
159,2025-01-04T15:00,B06-Z01,S0009,1,43,29.33,54.59,62.98,30.34,49.11,693.49,35.49,239.1,2837.93,1274.37,25.88,199.84,0.61,148,63.54,7.9,v2.0.1,normal
160,2025-01-04T15:30,B04-Z02,S0050,2,32,25.28,59.24,42.27,21.99,45.12,657.69,13.48,366.89,2844.33,1135.85,16.14,203.31,0.6,8,35.01,4.8,v1.1.0,normal
161,2025-01-04T16:00,B02-Z01,S0096,1,35,32.35,69.56,82.21,29.21,58.55,721.68,44.27,76.29,2821.05,978.54,24.33,214.44,1.68,89,6.81,2.4,v1.1.0,normal
162,2025-01-04T16:30,B02-Z02,S0024,2,4,33.03,53.74,27.7,33.83,62.05,700.96,16.06,136.99,3192.04,999.35,26.53,170.46,3.63,73,53.7,6.1,v1.1.0,normal
163,2025-01-04T17:00,B03-Z03,S0063,3,27,29.09,58.76,55.89,28.48,52.29,524.39,23.95,200.2,1806.76,1458.55,21.15,134.37,1.46,125,35.63,5.5,v1.1.0,normal
164,2025-01-04T17:30,B06-Z01,S0078,1,37,23.05,82.19,77.39,20.23,59.67,626.78,40.11,290.11,3048.95,1201.29,36.24,179.48,2.23,39,79.9,3.8,v1.1.0,normal
165,2025-01-04T18:00,B05-Z03,S0094,3,10,20.41,67.55,21.34,21.59,60.26,1338.88,37.72,430.0,1385.48,1104.98,52.1,426.01,3.69,57,38.68,7.4,v1.1.0,ventilation_issue
166,2025-01-04T18:30,B01-Z03,S0034,3,17,18.77,54.3,78.54,16.94,54.39,570.03,24.66,162.69,3172.83,1355.34,23.1,187.41,0.91,20,29.22,5.1,v2.1.3,normal
167,2025-01-04T19:00,B02-Z04,S0067,4,10,32.71,60.53,70.49,34.03,45.13,711.07,30.45,339.75,2121.99,1209.29,27.86,140.89,1.11,123,57.62,4.8,v1.1.0,normal
168,2025-01-04T19:30,B06-Z01,S0107,1,36,22.39,50.75,56.46,19.2,55.25,713.96,19.43,402.62,2032.88,1315.55,38.06,166.83,3.17,121,17.33,8.3,v1.1.0,normal
169,2025-01-04T20:00,B02-Z04,S0107,4,8,20.57,71.22,68.72,20.31,55.22,475.35,34.75,138.92,3091.29,881.85,29.91,117.57,2.07,122,11.96,8.6,v1.0.2,normal
170,2025-01-04T20:30,B05-Z02,S0065,2,27,19.68,74.67,78.14,21.92,60.03,2037.73,118.05,372.9,945.2,1447.31,45.52,442.48,1.63,148,59.31,1.4,v1.1.0,ventilation_issue
171,2025-01-04T21:00,B03-Z01,S0062,1,13,34.38,48.77,56.88,36.64,66.45,1105.47,89.26,183.2,605.69,1526.73,48.06,392.77,0.84,109,20.29,5.6,v2.0.1,ventilation_issue
172,2025-01-04T21:30,B06-Z02,S0051,2,42,25.44,80.27,48.77,26.66,73.87,1353.78,57.35,149.61,875.49,1468.17,52.64,423.01,3.62,141,40.67,6.0,v1.0.2,ventilation_issue
173,2025-01-04T22:00,B02-Z02,S0050,2,39,18.1,49.1,25.17,29.62,79.58,632.04,12.3,171.72,1296.05,1220.21,45.94,199.96,0.5,3,14.02,2.3,v2.0.1,thermal_issue
174,2025-01-04T22:30,B02-Z03,S0005,3,25,27.19,76.43,58.06,30.23,68.99,1755.02,103.24,261.92,669.47,1505.3,41.9,375.92,0.54,150,22.76,3.6,v2.0.1,ventilation_issue
175,2025-01-04T23:00,B02-Z04,S0078,4,34,26.19,63.18,15.33,32.83,81.14,879.32,9.22,284.21,1607.96,1443.85,47.93,216.73,3.68,118,61.6,6.6,v1.0.2,thermal_issue
176,2025-01-04T23:30,B04-Z04,S0015,4,25,24.89,80.49,30.43,25.1,61.0,556.1,12.35,380.22,2549.91,1560.17,32.52,138.97,3.56,69,28.28,2.1,v1.1.0,normal
177,2025-01-05T00:00,B04-Z04,S0095,4,39,31.24,84.27,29.47,28.46,49.99,624.14,10.22,,1949.37,1068.1,38.0,184.34,3.65,148,29.7,8.3,v2.1.3,normal
178,2025-01-05T00:30,B02-Z02,S0098,2,7,23.04,54.99,55.37,22.36,79.98,1578.32,76.78,239.43,1001.98,1076.62,44.84,416.09,0.34,67,46.48,2.2,v2.0.1,ventilation_issue
179,2025-01-05T01:00,B02-Z04,S0035,4,14,29.04,61.47,49.91,26.3,59.01,542.86,27.76,341.12,2191.48,1480.03,19.5,124.43,2.24,39,15.69,4.8,v1.0.2,normal
180,2025-01-05T01:30,B02-Z02,S0054,2,16,35.92,83.22,51.19,36.24,60.71,519.01,23.99,305.65,2594.97,1592.07,24.96,185.96,1.47,66,44.83,3.6,v2.1.3,normal
181,2025-01-05T02:00,B01-Z04,S0045,4,24,35.34,53.95,55.31,38.23,64.36,1880.31,67.46,240.86,1138.55,1158.54,47.19,423.11,3.34,147,74.29,4.1,v1.0.2,ventilation_issue
182,2025-01-05T02:30,B01-Z03,S0021,3,10,23.64,74.39,64.73,23.27,52.91,712.94,34.58,69.01,3114.28,868.06,33.7,167.3,2.62,43,56.06,4.1,v1.0.2,normal
183,2025-01-05T03:00,B01-Z03,S0120,3,18,27.87,46.19,42.79,31.46,62.08,1362.45,44.49,109.3,1123.87,1103.32,57.14,363.31,0.9,84,,8.3,v2.1.3,ventilation_issue
184,2025-01-05T03:30,B05-Z02,S0120,2,22,26.01,88.63,63.83,23.07,56.95,628.25,31.32,148.58,2589.58,808.97,28.09,180.35,1.38,134,12.46,7.8,v1.1.0,normal
185,2025-01-05T04:00,B03-Z04,S0037,4,35,18.15,86.49,81.29,17.01,45.18,562.04,31.53,157.46,2123.7,867.33,15.18,151.1,2.56,62,17.65,5.1,v2.0.1,normal
186,2025-01-05T04:30,B03-Z02,S0084,2,,32.56,63.58,74.74,29.65,50.79,630.17,36.27,268.64,2180.99,1418.04,30.57,130.66,0.66,60,57.22,1.3,v1.0.2,normal
187,2025-01-05T05:00,B04-Z04,S0028,4,30,23.61,80.98,84.86,22.39,60.83,528.98,46.93,409.32,3132.3,1628.41,16.4,195.32,1.64,64,,4.0,v2.1.3,normal
188,2025-01-05T05:30,B02-Z04,S0095,4,35,21.59,78.09,21.58,31.42,74.59,794.56,16.93,158.79,2323.46,985.12,48.97,244.67,1.0,29,69.09,2.6,v2.1.3,thermal_issue
189,2025-01-05T06:00,B03-Z03,S0002,3,5,22.97,50.38,70.24,19.02,45.84,678.55,31.09,191.98,2634.7,930.83,24.28,119.84,2.96,138,28.44,7.6,v1.1.0,normal
190,2025-01-05T06:30,B04-Z04,S0030,4,35,28.05,74.01,39.31,29.4,59.66,427.05,16.25,331.84,2814.16,1034.03,21.27,114.34,0.95,142,58.59,1.9,v1.1.0,normal
191,2025-01-05T07:00,B04-Z03,S0038,3,34,27.75,65.43,69.31,29.79,78.34,1982.93,101.04,134.05,891.26,1148.33,50.5,364.9,2.98,83,22.65,1.5,v1.0.2,ventilation_issue
192,2025-01-05T07:30,B01-Z02,S0107,2,14,21.22,46.41,22.49,27.97,70.7,920.88,12.49,87.64,1787.89,867.96,60.6,226.74,1.03,16,71.18,3.7,v2.1.3,thermal_issue
193,2025-01-05T08:00,B03-Z04,S0102,4,33,32.83,56.96,17.85,29.25,51.08,731.72,10.5,282.31,1935.97,1451.34,33.13,168.48,2.25,148,59.69,3.7,v2.1.3,normal
194,2025-01-05T08:30,B06-Z03,S0086,3,23,19.87,80.66,53.5,18.9,58.15,596.19,25.68,306.96,3106.93,1118.8,37.56,170.51,1.43,141,43.65,8.8,v2.0.1,normal
195,2025-01-05T09:00,B03-Z04,S0058,4,,25.15,77.68,83.81,24.72,55.35,747.83,32.73,328.99,2220.47,931.51,20.55,204.13,2.24,10,74.07,4.6,v1.1.0,normal
196,2025-01-05T09:30,B02-Z01,S0034,1,44,28.48,55.48,71.78,25.03,53.0,722.9,37.35,379.61,2813.01,1487.09,34.82,129.02,2.55,98,,1.2,v1.0.2,normal
197,2025-01-05T10:00,B03-Z03,S0045,3,20,25.82,86.86,23.44,29.44,78.69,1949.48,40.69,118.34,1107.11,1133.95,50.8,327.58,1.07,115,58.53,7.3,v1.0.2,ventilation_issue
198,2025-01-05T10:30,B02-Z04,S0056,4,35,25.1,50.95,20.78,24.53,45.99,551.73,6.76,214.17,2502.55,1005.97,34.35,124.34,2.26,69,41.94,7.5,v2.0.1,normal
199,2025-01-05T11:00,B06-Z02,S0119,2,39,20.03,63.61,40.57,17.17,51.89,636.29,21.54,77.5,2036.96,1524.85,23.74,200.37,1.0,29,60.62,7.2,v1.1.0,normal
200,2025-01-05T11:30,B05-Z04,S0119,4,35,32.98,57.95,39.03,33.81,51.1,575.49,15.59,344.67,2836.02,1295.55,20.3,170.11,2.75,135,,0.9,v1.1.0,normal
201,2025-01-05T12:00,B01-Z02,S0037,2,41,30.54,57.21,47.55,32.21,46.33,637.92,23.72,442.12,3078.02,1307.54,24.01,121.87,2.78,23,38.77,2.2,v2.1.3,normal
202,2025-01-05T12:30,B05-Z02,S0119,2,17,18.72,86.5,36.34,17.66,59.89,426.06,18.36,304.06,2297.53,1271.7,22.56,219.56,3.42,72,2.36,2.5,v2.0.1,normal
203,2025-01-05T13:00,B04-Z01,S0085,1,8,31.14,68.43,62.46,32.38,58.73,557.72,29.47,114.04,2397.05,1399.37,22.81,176.59,3.1,135,24.72,8.7,v2.1.3,normal
204,2025-01-05T13:30,B02-Z01,S0084,1,26,34.51,59.29,54.01,46.18,72.6,758.8,40.61,350.79,2072.5,959.74,64.14,264.42,2.53,34,12.16,2.2,v2.0.1,thermal_issue
205,2025-01-05T14:00,B05-Z04,S0073,4,30,28.73,55.39,16.83,25.21,60.6,464.25,9.32,135.37,2456.27,1029.38,31.24,130.24,,106,1.2,2.5,v1.1.0,normal
206,2025-01-05T14:30,B02-Z03,S0009,3,25,35.18,64.77,58.19,35.31,62.34,712.9,24.92,349.56,2886.7,1242.55,30.2,200.68,2.14,116,62.95,4.6,v1.0.2,normal
207,2025-01-05T15:00,B02-Z04,S0067,4,18,35.71,46.77,42.12,36.3,64.25,482.65,18.19,81.27,3038.16,1414.25,34.34,141.45,0.8,29,36.14,2.1,v1.1.0,normal
208,2025-01-05T15:30,B04-Z01,S0053,1,5,18.45,65.42,77.76,19.82,62.65,449.76,30.89,235.27,2708.01,1234.92,32.79,128.04,2.13,41,63.29,3.9,v2.1.3,normal
209,2025-01-05T16:00,B01-Z02,S0099,2,11,24.03,84.21,75.39,21.0,47.89,673.82,23.78,111.31,2231.29,1527.1,33.25,215.71,2.48,140,36.69,7.8,v2.1.3,normal
210,2025-01-05T16:30,B02-Z04,S0028,4,41,26.56,63.46,20.56,26.16,49.89,600.62,9.99,116.7,2580.57,1081.44,35.63,115.38,,23,48.26,0.9,v2.1.3,normal
211,2025-01-05T17:00,B02-Z02,S0021,2,24,29.0,76.12,56.65,29.72,48.55,570.26,26.83,355.79,3104.07,1530.5,17.33,142.92,0.53,85,9.76,5.2,v1.1.0,normal
212,2025-01-05T17:30,B06-Z03,S0027,3,33,19.97,77.84,59.03,21.89,54.67,647.26,34.25,303.07,3180.79,1223.08,22.18,176.97,2.45,47,58.33,8.5,v1.1.0,normal
213,2025-01-05T18:00,B06-Z03,S0038,3,0,18.03,46.08,58.78,24.3,88.66,999.78,47.0,329.11,1696.85,1451.98,53.34,222.85,0.54,30,44.0,6.7,v2.0.1,thermal_issue
214,2025-01-05T18:30,B04-Z01,S0093,1,34,35.28,82.44,28.58,36.28,63.45,578.11,12.64,240.36,1849.78,1280.2,18.39,127.09,3.55,81,41.69,5.5,v1.0.2,normal
215,2025-01-05T19:00,B02-Z03,S0074,3,38,32.39,84.96,39.75,34.21,50.61,430.29,23.65,365.11,2677.12,873.78,36.06,172.81,3.3,61,21.72,3.8,v2.0.1,normal
216,2025-01-05T19:30,B02-Z03,S0068,3,33,20.02,80.32,69.45,21.5,53.88,428.23,30.89,187.66,2500.08,1643.81,19.76,211.6,0.64,53,41.29,7.0,v2.1.3,normal
217,2025-01-05T20:00,B04-Z01,S0092,1,,20.09,58.99,18.08,24.18,81.8,1433.29,30.74,309.15,682.48,1456.87,54.15,424.38,1.0,31,42.58,3.0,v1.1.0,ventilation_issue
218,2025-01-05T20:30,B03-Z01,S0015,1,21,29.21,68.13,29.46,27.31,51.37,466.71,15.06,79.78,2196.57,1126.06,21.12,117.84,,23,4.04,4.3,v1.1.0,normal
219,2025-01-05T21:00,B06-Z03,S0077,3,36,29.33,76.06,46.21,30.46,68.31,1298.15,73.13,377.01,1247.44,1403.68,36.96,449.19,1.94,120,54.76,4.7,v1.1.0,ventilation_issue
220,2025-01-05T21:30,B02-Z01,S0111,1,10,22.64,61.36,27.83,27.14,68.26,1960.79,33.18,195.96,990.01,890.93,36.63,335.8,2.08,143,57.14,6.3,v2.0.1,ventilation_issue
221,2025-01-05T22:00,B05-Z02,S0060,2,34,25.44,72.94,53.36,27.28,52.68,532.44,29.04,127.5,2627.36,897.17,34.61,157.89,2.89,119,66.94,3.4,v1.0.2,normal
222,2025-01-05T22:30,B04-Z03,S0023,3,40,25.3,71.92,62.99,24.88,61.4,528.04,31.09,355.26,1886.08,1180.09,20.44,125.28,1.89,53,49.25,6.6,v2.0.1,normal
223,2025-01-05T23:00,B03-Z02,S0073,2,3,30.23,86.33,80.57,33.54,82.88,2090.29,114.77,274.07,1089.19,1532.06,47.76,438.67,2.76,8,28.74,2.6,v2.1.3,ventilation_issue
224,2025-01-05T23:30,B06-Z01,S0041,1,8,25.31,64.58,29.79,22.35,47.78,603.29,16.47,87.98,2304.4,1171.22,25.43,141.73,,35,38.94,1.3,v2.1.3,normal
225,2025-01-06T00:00,B04-Z03,S0115,3,15,28.88,64.16,27.59,30.94,73.8,1550.05,33.65,165.01,748.63,832.19,50.11,400.91,2.32,124,,6.8,v1.0.2,ventilation_issue
226,2025-01-06T00:30,B05-Z03,S0062,3,42,19.44,77.86,51.85,30.53,86.51,739.71,31.46,90.45,1828.03,1092.01,60.25,181.88,3.09,3,4.22,4.7,v2.1.3,thermal_issue
227,2025-01-06T01:00,B05-Z03,S0094,3,36,24.35,89.0,35.62,21.36,58.9,617.22,13.94,446.24,2899.03,1229.76,21.51,179.22,2.49,72,6.6,2.8,v2.0.1,normal
228,2025-01-06T01:30,B03-Z01,S0110,1,2,31.35,72.17,78.71,31.78,58.18,542.02,27.75,92.92,2895.54,1644.55,20.9,129.89,3.57,99,39.68,2.6,v2.1.3,normal
229,2025-01-06T02:00,B06-Z04,S0082,4,14,28.4,82.88,18.8,25.99,61.39,437.33,8.26,335.19,2466.72,1588.14,26.91,214.31,0.81,115,0.95,3.9,v2.0.1,normal
230,2025-01-06T02:30,B05-Z01,S0088,1,29,19.75,68.91,39.77,30.74,83.43,926.03,20.24,352.15,1524.39,1386.74,65.06,183.19,2.36,47,26.99,3.3,v1.0.2,thermal_issue
231,2025-01-06T03:00,B06-Z02,S0002,2,13,18.22,49.4,22.27,19.9,65.49,1383.3,23.91,308.85,618.96,1357.94,37.3,451.39,0.72,145,10.39,7.7,v1.1.0,ventilation_issue
232,2025-01-06T03:30,B01-Z04,S0090,4,17,23.3,74.72,20.3,22.02,64.9,673.89,10.31,209.29,2734.61,1174.49,34.25,138.31,0.51,126,21.17,9.3,v1.1.0,normal
233,2025-01-06T04:00,B05-Z04,S0051,4,28,26.86,51.47,68.81,24.17,57.87,721.16,35.41,,1944.6,832.16,16.82,172.85,2.59,100,,2.9,v2.0.1,normal
234,2025-01-06T04:30,B04-Z01,S0074,1,7,30.74,79.69,48.47,29.16,59.56,688.05,15.56,424.67,2116.19,1615.0,24.61,185.82,2.69,24,50.58,3.8,v2.0.1,normal
235,2025-01-06T05:00,B01-Z03,S0108,3,40,31.8,74.15,27.36,28.04,52.68,483.03,13.92,133.89,3055.04,1646.93,30.77,149.52,,62,,4.9,v1.0.2,normal
236,2025-01-06T05:30,B05-Z02,S0083,2,29,27.61,82.54,46.45,29.59,45.74,438.5,24.91,399.38,1859.94,1425.14,17.95,198.78,2.89,126,5.76,6.4,v2.1.3,normal
237,2025-01-06T06:00,B05-Z04,S0006,4,38,29.68,45.65,59.29,31.11,61.41,452.11,28.66,146.02,2969.49,1376.64,16.6,199.92,1.79,84,78.58,1.6,v1.1.0,normal
238,2025-01-06T06:30,B03-Z03,S0108,3,8,21.84,47.05,27.14,27.75,76.03,978.78,12.68,390.47,1643.91,1213.92,49.13,181.67,3.02,2,,0.6,v1.0.2,thermal_issue
239,2025-01-06T07:00,B06-Z03,S0084,3,38,23.11,76.21,70.46,21.97,47.54,467.22,26.87,254.96,2430.59,803.88,20.98,129.2,2.5,61,27.83,2.2,v1.0.2,normal
240,2025-01-06T07:30,B05-Z04,S0047,4,10,35.76,67.84,47.5,38.52,65.2,1153.07,47.57,76.82,719.37,1484.38,56.09,447.61,1.3,117,26.74,0.9,v1.0.2,ventilation_issue
241,2025-01-06T08:00,B05-Z02,S0023,2,14,18.52,68.17,19.96,15.93,53.9,611.32,8.5,347.72,2845.92,1211.75,37.46,135.31,1.61,112,37.68,1.8,v2.1.3,normal
242,2025-01-06T08:30,B02-Z02,S0050,2,21,26.24,53.74,40.1,23.86,51.72,430.59,18.87,175.11,2192.85,1291.4,17.78,161.21,3.08,142,72.45,8.2,v1.0.2,normal
243,2025-01-06T09:00,B04-Z02,S0110,2,9,33.52,54.74,48.14,32.3,45.29,561.28,27.04,410.32,2146.96,1228.58,25.86,134.46,0.45,109,58.68,5.3,v2.1.3,normal
244,2025-01-06T09:30,B06-Z03,S0106,3,10,26.92,48.74,67.72,27.08,53.13,491.94,27.6,394.59,2134.69,1543.07,39.97,111.75,0.39,104,61.75,2.2,v2.0.1,normal
245,2025-01-06T10:00,B06-Z01,S0060,1,43,18.02,73.23,41.94,18.16,55.62,517.87,22.05,403.53,2777.28,1554.78,30.31,173.28,0.49,29,53.97,3.9,v2.1.3,normal
246,2025-01-06T10:30,B05-Z04,S0006,4,44,21.15,70.15,19.69,21.41,49.09,743.81,7.32,350.56,1958.98,1035.57,26.96,213.31,1.53,17,54.42,3.9,v2.1.3,normal
247,2025-01-06T11:00,B04-Z04,S0065,4,29,20.21,76.94,62.48,19.41,50.85,624.91,33.74,212.37,3123.51,895.22,35.22,213.5,3.65,38,13.18,5.0,v1.1.0,normal
248,2025-01-06T11:30,B05-Z01,S0081,1,33,25.5,75.71,80.22,24.34,53.4,663.44,24.58,220.56,2064.68,1392.33,15.55,198.22,2.56,141,47.47,4.5,v2.0.1,normal
249,2025-01-06T12:00,B05-Z03,S0017,3,34,23.52,80.52,30.87,24.75,67.2,1945.51,31.9,439.55,827.51,1002.22,58.91,406.61,2.73,11,12.28,9.4,v1.1.0,ventilation_issue
250,2025-01-06T12:30,B04-Z03,S0034,3,9,21.69,76.82,61.59,23.56,47.96,567.98,36.5,421.85,2547.1,1350.16,18.04,112.74,3.7,76,40.59,4.8,v2.0.1,normal
251,2025-01-06T13:00,B05-Z03,S0086,3,28,28.17,85.81,45.95,28.3,59.63,717.06,15.71,187.28,2571.34,1452.03,22.7,154.18,0.98,51,62.5,0.7,v2.1.3,normal
252,2025-01-06T13:30,B06-Z02,S0086,2,0,35.57,62.75,49.33,44.99,81.25,628.02,32.89,197.03,1677.07,1177.59,62.9,205.59,3.36,107,58.23,7.7,v2.0.1,thermal_issue
253,2025-01-06T14:00,B02-Z02,S0104,2,37,34.16,77.79,43.99,35.17,56.96,467.4,17.2,94.49,3183.74,1403.71,28.13,146.9,3.5,36,44.47,2.3,v2.1.3,normal
254,2025-01-06T14:30,B03-Z02,S0071,2,7,32.81,58.59,55.96,31.77,59.8,494.09,30.07,408.15,2015.63,901.45,22.5,180.46,2.02,71,19.58,4.9,v1.0.2,normal
255,2025-01-06T15:00,B05-Z04,S0096,4,9,26.65,64.62,33.05,26.77,64.49,690.03,13.62,402.54,2826.14,1575.29,15.44,138.55,0.87,92,33.56,0.9,v2.0.1,normal
256,2025-01-06T15:30,B05-Z01,S0082,1,44,27.25,79.49,27.83,33.36,86.56,871.86,20.84,268.42,2192.19,1461.99,62.12,189.14,0.8,106,22.51,3.6,v1.1.0,thermal_issue
257,2025-01-06T16:00,B01-Z04,S0028,4,4,21.98,53.48,77.79,21.66,61.63,593.47,35.75,111.18,2571.56,918.16,33.91,122.54,,114,55.28,8.5,v2.0.1,normal
258,2025-01-06T16:30,B02-Z02,S0091,2,1,31.4,50.34,24.01,31.57,58.76,521.45,8.71,355.36,3173.55,850.38,25.62,193.93,0.68,31,41.08,8.7,v1.0.2,normal
259,2025-01-06T17:00,B01-Z03,S0039,3,22,31.58,80.21,79.41,28.81,63.02,480.98,32.2,393.5,1927.09,1496.65,36.15,213.6,2.45,4,5.47,5.3,v1.1.0,normal
260,2025-01-06T17:30,B03-Z02,S0022,2,22,27.67,88.81,21.91,27.95,72.6,1807.76,26.95,225.4,1071.5,1196.02,45.99,454.08,1.73,134,25.14,1.7,v2.0.1,ventilation_issue
261,2025-01-06T18:00,B06-Z03,S0037,3,12,18.73,59.77,23.1,16.43,57.01,522.96,13.69,408.95,2421.54,1373.04,28.85,141.96,3.59,27,1.02,4.1,v1.0.2,normal
262,2025-01-06T18:30,B01-Z04,S0019,4,27,30.51,88.99,66.9,31.86,48.37,540.02,24.07,168.62,2080.37,1347.26,36.1,154.47,2.34,103,63.16,3.7,v2.1.3,normal
263,2025-01-06T19:00,B04-Z04,S0066,4,24,31.82,49.86,32.55,30.8,57.57,464.42,10.74,187.51,1873.99,1241.96,16.71,184.59,2.48,127,52.89,7.6,v1.1.0,normal
264,2025-01-06T19:30,B03-Z02,S0085,2,28,27.09,69.41,71.66,26.33,45.35,672.11,42.8,72.82,3032.18,1217.76,17.98,159.51,3.31,35,56.48,3.3,v2.1.3,normal
265,2025-01-06T20:00,B04-Z04,S0098,4,22,30.15,74.7,62.98,29.58,54.52,701.94,28.47,170.93,2347.94,1488.12,27.37,216.8,2.37,150,29.31,0.7,v2.0.1,normal
266,2025-01-06T20:30,B04-Z01,S0013,1,34,35.86,63.54,18.95,33.33,49.69,522.99,6.17,239.75,2763.19,1391.56,36.72,122.59,2.29,6,21.33,9.4,v2.1.3,normal
267,2025-01-06T21:00,B05-Z03,S0050,3,40,19.76,66.98,63.36,17.0,54.93,687.78,31.69,366.99,2033.28,1646.79,22.49,216.64,2.18,103,3.8,7.7,v1.0.2,normal
268,2025-01-06T21:30,B06-Z03,S0109,3,20,28.65,57.3,54.65,27.84,53.54,534.61,17.65,216.9,2953.23,815.81,27.62,142.99,1.89,133,14.45,8.3,v2.1.3,normal
269,2025-01-06T22:00,B02-Z03,S0085,3,9,31.36,66.03,80.6,40.32,83.52,984.56,46.22,351.11,1879.34,1574.47,60.67,217.9,3.25,53,68.81,8.1,v2.0.1,thermal_issue
270,2025-01-06T22:30,B03-Z02,S0083,2,12,30.36,55.63,31.69,27.26,45.55,683.02,12.46,113.21,2479.54,1524.64,39.78,156.42,3.11,125,14.08,7.5,v1.0.2,normal
271,2025-01-06T23:00,B01-Z03,S0041,3,7,33.61,85.53,43.49,31.79,58.15,449.8,25.35,383.3,2813.93,1002.37,18.51,122.31,3.56,32,70.77,7.5,v2.0.1,normal
272,2025-01-06T23:30,B03-Z03,S0107,3,23,25.02,78.68,31.52,23.56,47.89,477.8,18.63,104.05,2415.27,1466.63,21.36,174.84,1.96,38,22.22,3.8,v2.0.1,normal
273,2025-01-07T00:00,B03-Z02,S0003,2,43,34.29,46.57,66.76,35.08,46.09,722.76,33.48,398.11,2154.18,1631.29,24.62,180.28,1.66,66,31.44,3.2,v1.1.0,normal
274,2025-01-07T00:30,B03-Z02,S0027,2,21,20.88,64.75,37.2,24.75,76.11,1889.32,42.65,401.94,664.08,1099.08,54.49,388.84,3.19,141,40.51,7.1,v2.1.3,ventilation_issue
275,2025-01-07T01:00,B06-Z03,S0004,3,41,29.54,53.27,46.04,32.39,60.08,1300.08,54.1,390.31,1060.65,1424.9,37.77,354.94,3.07,67,38.27,2.1,v2.0.1,ventilation_issue
276,2025-01-07T01:30,B03-Z02,S0026,2,29,24.62,62.71,41.41,25.63,56.41,426.84,12.71,333.49,2581.94,875.7,30.3,135.16,1.7,95,20.81,2.0,v1.0.2,normal
277,2025-01-07T02:00,B01-Z01,S0092,1,27,31.92,86.77,72.91,30.88,49.49,487.04,42.57,294.03,2938.78,1147.25,21.66,192.11,1.29,38,33.47,0.8,v2.0.1,normal
278,2025-01-07T02:30,B02-Z04,S0080,4,38,22.47,71.23,60.31,18.98,54.38,707.58,35.72,97.16,2356.58,1647.23,20.31,152.18,1.47,12,72.66,0.5,v2.1.3,normal
279,2025-01-07T03:00,B03-Z02,S0051,2,16,20.38,85.15,17.88,17.46,48.4,582.64,7.18,77.22,2455.32,1587.3,17.24,188.13,3.35,73,59.83,8.6,v2.0.1,normal
280,2025-01-07T03:30,B05-Z04,S0107,4,9,22.75,59.09,77.49,23.64,84.86,1863.68,80.29,131.43,1282.43,1560.9,51.44,431.75,0.87,127,9.28,0.9,v2.0.1,ventilation_issue
281,2025-01-07T04:00,B06-Z03,S0072,3,37,26.87,83.06,75.68,23.61,46.87,706.5,26.81,449.22,2035.61,1582.35,27.72,140.01,,64,14.45,7.4,v1.0.2,normal
282,2025-01-07T04:30,B03-Z03,S0004,3,17,35.66,50.49,41.15,37.23,47.12,526.77,12.7,62.26,2444.33,1421.81,32.69,162.78,2.6,146,25.99,1.7,v1.0.2,normal
283,2025-01-07T05:00,B06-Z01,S0037,1,25,19.0,48.18,81.63,17.29,52.98,478.74,48.12,353.5,3011.72,1485.4,17.23,203.76,0.72,80,34.59,8.6,v1.1.0,normal
284,2025-01-07T05:30,B03-Z04,S0086,4,5,24.61,53.99,46.18,22.94,50.37,618.11,15.1,193.28,2391.55,1221.02,24.21,130.5,1.08,135,12.41,1.3,v2.1.3,normal
285,2025-01-07T06:00,B04-Z02,S0011,2,27,26.6,51.69,23.95,31.02,81.04,1623.09,27.92,241.22,638.18,1453.35,36.91,326.31,3.14,5,46.85,1.5,v2.1.3,ventilation_issue
286,2025-01-07T06:30,B02-Z02,S0101,2,11,25.07,48.75,76.37,22.86,56.74,570.15,38.27,90.51,2673.33,815.23,21.63,216.34,1.21,102,34.7,1.6,v1.1.0,normal
287,2025-01-07T07:00,B06-Z01,S0062,1,5,25.29,74.6,67.1,25.65,51.06,688.33,32.55,65.41,2766.93,977.85,39.08,184.26,0.36,38,68.72,6.3,v2.1.3,normal
288,2025-01-07T07:30,B06-Z01,S0110,1,37,21.44,58.54,47.44,23.28,60.55,1266.11,49.2,174.98,1162.08,1520.49,59.1,386.01,1.67,111,8.21,9.3,v2.1.3,ventilation_issue
289,2025-01-07T08:00,B06-Z04,S0075,4,27,27.98,58.08,49.12,26.9,56.82,621.79,24.74,275.77,2943.36,1329.29,27.2,188.57,2.57,89,9.36,4.5,v2.1.3,normal
290,2025-01-07T08:30,B01-Z01,S0021,1,45,21.46,60.47,31.25,18.78,63.18,531.92,15.02,222.58,2979.45,1625.3,31.42,124.43,2.58,42,37.79,6.1,v2.0.1,normal
291,2025-01-07T09:00,B06-Z03,S0096,3,16,26.69,52.8,25.94,25.64,60.87,731.21,11.62,121.86,2128.61,854.12,28.92,219.92,3.43,111,,1.5,v1.1.0,normal
292,2025-01-07T09:30,B01-Z04,S0072,4,28,22.64,60.31,39.87,18.92,62.55,508.27,13.77,435.43,2766.19,1529.63,27.88,183.64,3.71,27,48.77,7.9,v1.0.2,normal
293,2025-01-07T10:00,B05-Z01,S0014,1,7,20.13,54.24,40.31,20.5,59.16,671.45,18.12,231.25,3018.69,1090.12,18.86,150.01,2.99,130,64.73,2.0,v2.0.1,normal
294,2025-01-07T10:30,B03-Z04,S0092,4,43,24.49,74.92,25.61,28.01,70.54,1328.18,41.53,71.61,930.73,872.06,45.23,384.23,0.33,81,75.49,4.1,v1.1.0,ventilation_issue
295,2025-01-07T11:00,B04-Z02,S0008,2,44,18.67,86.51,25.57,18.12,64.55,743.42,13.8,178.69,3026.14,1037.81,39.32,156.12,3.48,136,,6.0,v1.1.0,normal
296,2025-01-07T11:30,B06-Z03,S0052,3,,21.69,69.5,70.18,21.6,58.95,712.93,37.51,342.79,2366.31,878.9,19.93,143.17,0.74,142,22.71,3.3,v2.0.1,normal
297,2025-01-07T12:00,B06-Z01,S0021,1,7,34.03,69.3,33.11,35.02,51.08,559.51,14.95,313.88,2824.78,1635.51,36.04,138.57,1.34,149,36.25,5.6,v1.1.0,normal
298,2025-01-07T12:30,B03-Z04,S0039,4,45,32.13,77.17,62.07,32.42,55.39,501.72,24.73,220.7,2615.32,866.36,35.57,149.74,1.79,135,17.18,4.1,v2.1.3,normal
299,2025-01-07T13:00,B03-Z01,S0075,1,33,25.62,64.8,80.17,24.56,64.47,691.86,27.52,142.93,1977.97,1609.05,32.78,124.23,2.91,105,29.55,1.5,v2.0.1,normal
300,2025-01-07T13:30,B05-Z03,S0038,3,13,20.76,61.72,84.37,18.58,54.72,681.1,28.91,348.47,2625.47,837.98,16.22,208.37,,124,5.41,5.7,v2.1.3,normal
301,2025-01-07T14:00,B03-Z03,S0101,3,39,33.02,82.52,24.3,29.85,57.73,671.35,12.15,150.8,2008.58,1425.53,33.2,119.82,2.19,23,71.2,8.3,v1.0.2,normal
302,2025-01-07T14:30,B05-Z03,S0081,3,1,30.73,70.25,23.66,33.09,64.81,1718.7,33.58,425.11,642.3,1399.78,49.26,346.52,0.37,149,19.62,4.5,v2.0.1,ventilation_issue
303,2025-01-07T15:00,B04-Z01,S0076,1,16,33.52,46.05,45.59,32.01,62.19,524.74,17.19,120.15,1960.5,954.24,17.48,128.5,2.68,15,76.89,3.2,v1.0.2,normal
304,2025-01-07T15:30,B03-Z03,S0019,3,3,23.84,61.9,72.94,20.57,49.05,668.2,34.71,275.72,2490.17,815.83,33.81,152.36,0.4,142,73.1,9.2,v1.0.2,normal
305,2025-01-07T16:00,B02-Z04,S0098,4,27,32.13,58.71,43.47,28.63,57.72,487.14,25.66,276.51,2322.63,1355.1,39.63,196.02,3.14,43,49.66,0.5,v2.1.3,normal
306,2025-01-07T16:30,B03-Z01,S0077,1,8,30.24,89.97,73.97,27.52,61.81,512.83,25.77,449.54,2547.73,1551.34,16.75,119.87,1.04,88,64.16,6.2,v2.1.3,normal
307,2025-01-07T17:00,B03-Z01,S0032,1,35,23.79,54.48,82.13,21.76,63.28,464.13,47.36,334.29,2652.3,865.89,15.11,111.05,2.18,8,51.93,8.5,v2.1.3,normal
308,2025-01-07T17:30,B06-Z02,S0016,2,1,32.63,82.24,40.06,29.69,60.36,650.02,12.12,325.42,2447.77,1487.15,38.41,158.9,0.97,57,50.02,2.6,v2.1.3,normal
309,2025-01-07T18:00,B03-Z04,S0005,4,36,34.28,76.81,29.64,31.46,61.42,550.71,16.63,295.16,2596.74,1593.53,27.35,170.7,2.36,59,10.19,8.4,v2.0.1,normal
310,2025-01-07T18:30,B02-Z03,S0109,3,27,35.86,76.18,52.31,33.38,56.2,569.8,30.41,218.68,2697.35,836.94,38.58,115.7,2.11,58,41.38,0.9,v2.1.3,normal
311,2025-01-07T19:00,B05-Z02,S0058,2,4,25.05,60.06,76.61,25.9,64.81,494.46,38.83,97.72,3140.89,1084.16,37.92,131.66,3.13,65,50.1,2.7,v2.1.3,normal
312,2025-01-07T19:30,B02-Z04,S0044,4,24,32.79,68.39,31.57,32.23,75.0,1538.53,31.13,390.6,957.16,1056.25,38.12,456.43,0.75,111,35.35,1.1,v1.0.2,ventilation_issue
313,2025-01-07T20:00,B05-Z02,S0007,2,21,24.87,49.31,67.64,22.27,56.99,637.71,20.51,323.55,2337.49,891.81,34.88,206.79,,4,47.03,5.9,v1.0.2,normal
314,2025-01-07T20:30,B05-Z03,S0102,3,32,34.28,50.67,50.62,35.41,72.03,1720.85,54.03,354.21,710.14,1062.37,36.1,337.88,3.4,88,11.79,3.1,v1.0.2,ventilation_issue
315,2025-01-07T21:00,B05-Z01,S0076,1,30,20.6,55.68,72.34,19.96,46.09,533.46,42.89,442.95,2696.78,1323.69,20.03,117.52,1.46,108,77.05,3.5,v1.0.2,normal
316,2025-01-07T21:30,B04-Z03,S0113,3,13,18.76,54.87,15.26,19.1,65.76,1723.92,17.02,382.17,1187.67,1104.2,58.81,366.41,,143,,1.5,v2.0.1,ventilation_issue
317,2025-01-07T22:00,B04-Z03,S0025,3,11,34.43,61.2,83.27,31.62,50.68,492.25,31.53,415.15,2044.0,1469.3,36.19,137.06,,29,30.31,3.5,v1.1.0,normal
318,2025-01-07T22:30,B03-Z02,S0059,2,12,32.57,74.74,80.88,34.43,64.95,710.95,45.58,330.8,1891.53,1448.62,18.61,211.66,1.8,49,73.68,8.2,v2.0.1,normal
319,2025-01-07T23:00,B02-Z01,S0042,1,24,29.33,57.6,23.85,28.38,56.68,581.37,12.36,311.58,2898.53,1117.8,34.77,177.64,2.05,124,25.75,6.9,v2.1.3,normal
320,2025-01-07T23:30,B04-Z04,S0035,4,23,29.49,80.58,60.48,26.73,62.9,569.19,22.4,93.06,2106.03,834.97,25.63,151.48,1.33,132,18.41,6.1,v2.1.3,normal
321,2025-01-08T00:00,B04-Z03,S0060,3,5,24.62,67.39,34.11,20.77,53.83,507.66,11.01,421.38,3062.07,970.26,22.36,165.19,0.55,51,,6.6,v2.0.1,normal
322,2025-01-08T00:30,B03-Z02,S0096,2,25,30.3,57.35,64.39,35.29,84.96,1852.38,100.82,380.53,1329.91,1608.77,35.21,361.93,0.34,102,79.14,2.5,v1.1.0,ventilation_issue
323,2025-01-08T01:00,B04-Z04,S0030,4,35,32.15,79.09,65.58,30.92,60.84,523.31,23.37,,2878.18,1224.83,32.45,133.05,3.36,91,59.02,3.6,v2.1.3,normal
324,2025-01-08T01:30,B04-Z02,S0088,2,38,31.73,76.07,35.97,34.25,74.19,1132.21,36.88,212.45,1381.79,1203.56,59.86,399.55,3.62,85,30.91,5.6,v2.1.3,ventilation_issue
325,2025-01-08T02:00,B06-Z01,S0115,1,33,21.09,75.37,27.43,22.05,57.07,428.86,9.87,82.41,3075.88,933.48,24.65,132.65,0.9,29,32.87,1.7,v2.1.3,normal
326,2025-01-08T02:30,B04-Z04,S0096,4,43,35.19,83.96,24.1,32.42,53.64,654.19,10.66,138.66,2645.19,1009.81,38.48,174.62,1.86,85,48.39,8.7,v2.1.3,normal
327,2025-01-08T03:00,B04-Z03,S0060,3,39,31.27,57.96,76.67,30.01,59.01,654.84,29.84,238.55,2658.24,1603.83,35.25,129.26,0.94,62,31.48,8.5,v1.1.0,normal
328,2025-01-08T03:30,B03-Z01,S0113,1,20,23.25,86.23,63.86,23.58,49.35,582.85,38.17,124.29,2573.95,1343.04,39.88,118.42,0.46,119,,3.9,v2.1.3,normal
329,2025-01-08T04:00,B02-Z03,S0051,3,17,22.51,76.91,24.55,22.53,54.28,572.25,7.97,126.53,2719.83,1254.46,32.84,158.15,,101,23.53,2.0,v1.0.2,normal
330,2025-01-08T04:30,B06-Z02,S0035,2,24,24.45,54.75,17.41,24.5,49.32,649.92,9.59,233.15,2936.12,1012.24,31.03,188.81,0.47,62,16.14,2.3,v1.0.2,normal
331,2025-01-08T05:00,B04-Z02,S0004,2,20,24.07,53.65,61.83,31.0,89.41,998.46,45.27,304.45,1401.46,997.55,49.18,204.04,3.57,28,34.23,3.7,v1.1.0,thermal_issue
332,2025-01-08T05:30,B01-Z01,S0052,1,6,18.22,54.57,30.41,18.17,50.57,625.89,9.52,368.59,3039.64,1075.7,25.28,194.43,2.29,100,7.58,6.6,v1.1.0,normal
333,2025-01-08T06:00,B03-Z03,S0023,3,0,33.91,59.31,74.61,32.8,51.7,620.82,35.48,300.38,2335.32,1326.8,31.01,135.57,1.38,16,60.58,1.7,v2.1.3,normal
334,2025-01-08T06:30,B03-Z02,S0026,2,26,21.68,46.71,79.64,21.27,63.92,663.95,31.75,172.5,2189.38,1005.91,31.09,193.65,,139,26.5,1.0,v1.1.0,normal
335,2025-01-08T07:00,B06-Z02,S0090,2,5,28.95,62.17,37.51,27.6,45.12,707.06,12.04,274.05,2069.45,1197.01,30.86,125.57,1.02,43,34.1,7.0,v1.1.0,normal
336,2025-01-08T07:30,B04-Z02,S0023,2,39,23.46,70.94,82.74,20.67,62.25,578.79,48.43,356.53,2303.41,1124.21,24.44,161.78,3.08,22,,7.3,v2.0.1,normal
337,2025-01-08T08:00,B05-Z04,S0069,4,0,31.08,56.58,47.46,29.8,52.5,619.99,15.26,344.84,1991.32,1430.86,26.73,127.02,1.72,99,31.57,4.9,v1.0.2,normal
338,2025-01-08T08:30,B04-Z02,S0114,2,44,34.59,62.32,54.59,31.76,53.73,504.24,31.33,210.28,2811.14,1107.2,27.74,163.75,1.16,8,73.72,6.8,v1.1.0,normal
339,2025-01-08T09:00,B03-Z01,S0078,1,5,30.26,56.44,57.15,31.97,61.83,424.07,30.36,133.64,2702.16,1622.53,37.92,153.74,3.2,98,24.18,5.8,v2.1.3,normal
340,2025-01-08T09:30,B06-Z04,S0112,4,,29.45,79.95,39.11,26.31,59.97,726.91,16.4,331.56,2231.34,1118.45,39.68,199.8,2.59,35,13.65,2.3,v1.1.0,normal
341,2025-01-08T10:00,B05-Z01,S0015,1,10,32.66,53.35,19.13,29.76,60.18,505.59,10.92,93.43,2372.31,999.56,30.67,178.69,0.52,125,,6.6,v1.0.2,normal
342,2025-01-08T10:30,B01-Z01,S0008,1,21,35.19,74.94,70.24,31.44,49.22,681.29,28.99,191.25,2528.1,1107.03,39.05,139.24,1.5,103,19.17,3.9,v1.0.2,normal
343,2025-01-08T11:00,B03-Z04,S0112,4,23,19.8,65.56,63.88,20.15,62.76,465.82,30.7,327.61,3016.61,1342.36,21.99,186.92,2.1,83,0.25,0.6,v2.0.1,normal
344,2025-01-08T11:30,B01-Z02,S0104,2,6,30.2,55.51,48.92,30.64,60.88,534.95,28.46,174.61,3118.07,1528.28,26.9,182.42,0.8,130,45.75,0.8,v2.1.3,normal
345,2025-01-08T12:00,B01-Z03,S0039,3,6,35.93,89.42,47.68,40.31,83.88,1582.17,66.11,339.15,794.68,987.32,39.26,452.19,3.55,66,61.3,6.5,v1.0.2,ventilation_issue
346,2025-01-08T12:30,B06-Z02,S0018,2,24,29.4,67.14,70.69,30.4,65.6,1675.97,122.4,366.18,651.73,1047.33,43.58,447.42,1.83,29,20.73,1.3,v1.1.0,ventilation_issue
347,2025-01-08T13:00,B06-Z04,S0015,4,8,20.29,59.1,41.61,20.71,51.22,614.72,14.85,294.63,2343.4,923.0,25.59,194.84,1.68,76,36.85,8.0,v2.1.3,normal
348,2025-01-08T13:30,B06-Z02,S0059,2,40,23.1,78.62,74.44,24.07,45.69,525.65,33.55,253.06,2764.04,1503.7,21.84,203.24,1.62,54,26.65,8.1,v1.1.0,normal
349,2025-01-08T14:00,B06-Z03,S0095,3,22,33.58,53.06,49.13,31.93,64.69,637.55,27.25,212.51,3187.49,1527.81,28.7,147.12,1.29,101,15.61,1.4,v2.0.1,normal
350,2025-01-08T14:30,B05-Z03,S0111,3,0,33.3,76.93,47.03,33.28,63.44,1795.96,54.65,393.9,715.86,1635.3,40.45,424.77,3.05,44,30.12,8.8,v1.0.2,ventilation_issue
351,2025-01-08T15:00,B03-Z04,S0061,4,11,18.94,89.11,60.51,18.5,64.39,626.9,25.49,206.39,1847.59,1535.16,21.02,163.75,3.08,98,62.22,3.0,v2.1.3,normal
352,2025-01-08T15:30,B03-Z04,S0002,4,30,19.49,67.01,61.82,18.55,45.46,609.08,29.17,334.07,2183.21,1532.88,33.63,197.38,0.74,138,57.1,2.2,v1.0.2,normal
353,2025-01-08T16:00,B04-Z01,S0072,1,38,32.1,68.85,19.48,36.12,73.47,1918.83,28.96,62.08,1202.81,1288.82,40.19,412.2,1.4,42,,1.3,v2.0.1,ventilation_issue
354,2025-01-08T16:30,B01-Z02,S0011,2,28,27.11,61.36,53.11,35.36,90.8,600.04,27.63,251.27,2335.46,1234.0,57.99,251.76,3.49,26,48.49,6.5,v1.0.2,thermal_issue
355,2025-01-08T17:00,B02-Z04,S0005,4,10,23.39,82.47,82.02,23.0,49.32,538.49,27.77,92.47,2671.24,859.97,16.86,138.05,1.79,69,42.87,9.5,v1.1.0,normal
356,2025-01-08T17:30,B06-Z03,S0048,3,43,29.66,68.01,26.48,30.59,51.33,679.97,10.95,85.72,3149.62,1538.53,21.19,139.71,1.57,58,21.86,3.0,v1.0.2,normal
357,2025-01-08T18:00,B04-Z01,S0029,1,38,19.89,86.65,27.3,20.26,51.13,691.04,12.2,78.71,2540.54,1376.14,32.51,205.19,2.93,137,64.49,5.5,v2.1.3,normal
358,2025-01-08T18:30,B04-Z04,S0076,4,38,18.17,68.11,25.88,14.93,52.58,662.69,8.17,238.54,2815.59,1609.72,39.36,187.83,1.54,134,22.95,9.0,v1.1.0,normal
359,2025-01-08T19:00,B03-Z02,S0082,2,31,35.05,63.29,36.89,34.59,61.99,1829.95,64.57,64.17,732.09,1223.13,36.44,424.08,2.67,137,10.91,6.8,v2.1.3,ventilation_issue
360,2025-01-08T19:30,B01-Z01,S0079,1,2,32.97,45.33,44.75,32.18,51.9,748.09,22.3,436.21,3088.64,863.85,39.98,213.94,3.39,35,18.01,5.1,v1.0.2,normal
361,2025-01-08T20:00,B04-Z02,S0064,2,36,24.72,50.1,78.98,22.22,55.78,672.92,26.49,419.99,2218.85,1595.1,22.34,133.44,3.66,125,71.47,1.0,v1.0.2,normal
362,2025-01-08T20:30,B05-Z04,S0059,4,31,24.37,45.23,77.31,21.49,52.09,453.44,34.61,,1918.64,1109.82,27.86,126.91,1.18,47,29.94,5.3,v2.0.1,normal
363,2025-01-08T21:00,B01-Z04,S0057,4,2,25.91,51.29,67.3,21.94,62.67,654.04,22.42,137.61,2198.86,1267.61,18.34,156.32,2.63,33,33.69,3.4,v2.1.3,normal
364,2025-01-08T21:30,B05-Z01,S0093,1,38,33.18,62.5,22.68,32.83,60.53,1255.54,30.62,229.39,1213.91,929.62,40.91,414.96,2.0,131,19.82,2.2,v2.0.1,ventilation_issue
365,2025-01-08T22:00,B01-Z04,S0111,4,9,30.62,74.98,45.04,29.46,60.65,454.01,23.38,111.6,2655.54,1162.36,19.72,204.04,,52,74.33,1.3,v1.0.2,normal
366,2025-01-08T22:30,B04-Z01,S0053,1,15,30.6,89.11,30.52,29.16,46.23,560.93,9.63,78.55,1954.08,1201.25,24.09,213.73,0.48,26,16.96,4.4,v2.0.1,normal
367,2025-01-08T23:00,B04-Z04,S0047,4,17,20.01,75.1,62.81,20.63,47.61,538.99,34.11,209.78,2840.1,1298.58,29.72,176.52,0.76,49,9.63,2.2,v2.1.3,normal
368,2025-01-08T23:30,B01-Z04,S0010,4,35,29.14,58.57,48.19,39.59,81.74,676.84,21.74,409.02,1701.86,1156.15,62.79,265.91,2.81,129,5.42,7.6,v1.1.0,thermal_issue
369,2025-01-09T00:00,B05-Z04,S0036,4,32,20.32,47.05,54.63,21.09,58.88,664.44,22.9,363.96,2758.57,985.14,36.76,216.87,1.25,3,12.8,8.4,v2.1.3,normal
370,2025-01-09T00:30,B05-Z01,S0091,1,8,22.66,83.36,35.75,20.27,47.38,493.9,16.45,368.34,2208.58,801.19,30.99,213.63,1.17,89,42.77,6.2,v2.0.1,normal
371,2025-01-09T01:00,B03-Z03,S0011,3,16,33.91,56.88,24.35,45.25,76.49,1092.63,15.84,269.58,1212.49,1433.9,53.89,244.96,3.02,98,8.52,9.0,v2.0.1,thermal_issue
372,2025-01-09T01:30,B06-Z01,S0082,1,30,21.71,64.9,37.7,18.93,57.6,703.21,15.78,130.79,2424.48,1420.06,33.25,157.73,3.32,73,39.24,0.7,v1.1.0,normal
373,2025-01-09T02:00,B02-Z02,S0105,2,24,28.94,48.13,20.04,26.41,63.18,740.23,6.61,102.91,2537.49,912.35,33.17,198.88,,22,74.77,2.9,v1.0.2,normal
374,2025-01-09T02:30,B01-Z01,S0102,1,44,31.25,60.23,64.52,28.46,54.61,605.74,27.96,272.01,2028.4,887.18,23.29,127.0,,107,43.57,1.8,v1.1.0,normal
375,2025-01-09T03:00,B01-Z01,S0030,1,18,20.65,74.49,30.81,21.92,52.69,711.79,16.85,300.12,1957.37,1313.83,19.24,122.11,3.53,46,71.65,4.4,v2.0.1,normal
376,2025-01-09T03:30,B05-Z04,S0024,4,4,20.7,75.03,36.11,21.61,51.97,454.29,20.76,396.07,2726.42,1179.69,38.32,199.18,3.02,123,11.82,7.8,v1.0.2,normal
377,2025-01-09T04:00,B05-Z03,S0055,3,41,23.01,49.07,84.63,29.69,78.47,759.66,48.2,209.44,2032.11,995.6,55.35,253.16,2.19,22,42.9,5.7,v2.1.3,thermal_issue
378,2025-01-09T04:30,B05-Z01,S0074,1,23,32.6,54.87,21.11,33.77,65.08,1950.6,25.88,398.04,979.14,1626.05,38.34,335.42,1.33,108,68.26,2.7,v1.1.0,ventilation_issue
379,2025-01-09T05:00,B01-Z02,S0096,2,1,35.32,76.68,41.42,31.48,64.3,542.66,21.14,115.1,2727.85,1450.61,16.84,202.12,0.34,121,33.32,7.2,v2.0.1,normal
380,2025-01-09T05:30,B04-Z04,S0053,4,29,25.99,74.02,15.92,22.66,46.2,632.01,7.66,383.51,2043.01,933.28,19.01,153.6,2.06,24,33.89,5.2,v1.1.0,normal
381,2025-01-09T06:00,B06-Z04,S0028,4,3,19.01,62.65,72.58,20.87,57.1,445.48,36.85,312.19,2468.38,1519.62,31.32,154.56,0.68,8,48.26,2.7,v1.1.0,normal
382,2025-01-09T06:30,B05-Z02,S0014,2,2,28.75,79.04,36.64,28.06,57.77,430.68,13.95,96.35,3167.33,1225.18,29.12,172.01,3.73,81,76.7,7.3,v2.0.1,normal
383,2025-01-09T07:00,B02-Z01,S0090,1,43,23.96,85.34,50.25,22.97,60.5,427.82,27.08,405.23,2467.73,1356.09,36.72,114.11,2.81,42,64.6,9.4,v2.0.1,normal
384,2025-01-09T07:30,B04-Z03,S0101,3,31,23.24,73.06,80.81,19.48,59.26,645.35,30.04,65.83,3195.81,1560.86,30.17,215.38,1.38,128,63.79,1.3,v2.0.1,normal
385,2025-01-09T08:00,B02-Z02,S0120,2,7,19.23,70.94,39.74,15.66,59.21,572.04,23.68,250.42,3169.88,1378.5,34.08,158.62,1.3,113,49.57,3.8,v2.0.1,normal
386,2025-01-09T08:30,B03-Z04,S0011,4,18,27.11,56.83,76.29,27.21,57.41,632.48,39.85,282.35,2142.74,1096.6,35.53,110.87,1.08,120,53.53,6.3,v2.1.3,normal
387,2025-01-09T09:00,B01-Z04,S0011,4,29,19.95,88.18,42.79,18.55,53.03,441.28,17.23,,2646.12,826.62,20.32,191.54,1.94,98,25.61,1.1,v2.0.1,normal
388,2025-01-09T09:30,B04-Z02,S0061,2,26,21.81,46.03,68.1,20.35,50.04,478.11,23.33,321.16,2183.47,1090.72,17.04,206.12,3.21,77,72.13,2.0,v2.0.1,normal
389,2025-01-09T10:00,B04-Z02,S0062,2,39,30.4,52.23,63.77,28.53,58.86,548.42,19.32,318.98,2896.3,812.06,29.93,118.56,2.87,118,58.65,8.9,v2.1.3,normal
390,2025-01-09T10:30,B03-Z03,S0015,3,12,30.13,56.83,65.56,35.06,83.58,1957.27,96.43,272.97,1111.13,1625.98,49.46,325.11,1.62,148,76.19,9.1,v2.0.1,ventilation_issue
391,2025-01-09T11:00,B03-Z04,S0003,4,11,23.53,81.86,23.73,22.52,64.98,556.64,9.62,205.52,2959.46,1360.66,25.65,217.15,0.87,112,22.8,6.2,v1.0.2,normal
392,2025-01-09T11:30,B01-Z03,S0104,3,26,19.61,45.74,80.27,19.23,78.75,1723.83,111.6,362.98,1106.82,1098.02,47.58,432.82,0.7,119,76.04,4.2,v2.1.3,ventilation_issue
393,2025-01-09T12:00,B01-Z01,S0048,1,,27.14,57.04,61.11,27.98,82.57,2009.34,92.03,387.9,603.33,1286.36,57.73,324.57,2.89,111,13.63,2.7,v2.1.3,ventilation_issue
394,2025-01-09T12:30,B02-Z03,S0079,3,8,32.91,81.06,55.45,29.68,57.73,742.53,19.52,306.26,3065.84,1269.97,27.93,158.11,3.25,83,20.82,2.3,v1.0.2,normal
395,2025-01-09T13:00,B01-Z01,S0056,1,11,31.86,51.89,58.27,31.12,64.45,608.69,17.92,410.18,2827.84,1468.14,39.59,179.79,2.17,67,62.4,6.4,v2.0.1,normal
396,2025-01-09T13:30,B01-Z03,S0120,3,13,18.42,89.32,75.69,15.09,63.54,460.49,25.93,251.5,2166.79,864.87,19.52,118.51,,108,76.74,3.9,v2.0.1,normal
397,2025-01-09T14:00,B06-Z01,S0117,1,0,20.9,58.44,78.25,20.86,57.62,702.09,26.23,349.26,2279.93,819.58,23.67,219.44,0.97,132,,7.3,v1.1.0,normal
398,2025-01-09T14:30,B03-Z04,S0015,4,31,18.53,51.24,20.84,21.68,63.16,1373.67,22.49,429.07,673.58,1409.79,52.7,411.27,1.18,101,67.68,1.4,v2.0.1,ventilation_issue
399,2025-01-09T15:00,B02-Z02,S0102,2,4,31.0,64.51,46.23,30.58,50.43,525.19,15.36,406.89,2336.26,1545.66,19.99,148.82,1.19,136,48.31,3.7,v1.0.2,normal
400,2025-01-09T15:30,B01-Z04,S0024,4,36,25.73,53.37,32.17,26.02,69.29,1245.04,38.06,410.51,607.71,887.48,52.21,420.35,1.65,72,42.18,6.9,v1.0.2,ventilation_issue
401,2025-01-09T16:00,B05-Z03,S0115,3,37,30.28,64.58,71.94,27.47,45.99,583.0,22.59,284.8,2184.18,1574.9,17.98,159.81,2.55,73,79.04,1.7,v2.1.3,normal
402,2025-01-09T16:30,B01-Z02,S0115,2,31,27.5,60.18,16.14,26.32,61.6,556.98,6.3,213.4,2244.07,903.2,23.65,118.77,1.89,96,77.37,8.9,v1.0.2,normal
403,2025-01-09T17:00,B01-Z01,S0029,1,44,18.19,49.73,37.6,18.32,53.71,476.16,13.44,161.28,3063.19,1079.93,24.22,209.32,0.69,98,6.0,2.9,v1.1.0,normal
404,2025-01-09T17:30,B02-Z01,S0075,1,17,20.27,83.79,67.71,21.6,64.32,556.39,29.39,345.04,1971.32,1274.74,28.19,173.57,1.22,63,6.62,6.4,v1.1.0,normal
405,2025-01-09T18:00,B06-Z03,S0010,3,19,26.9,54.56,61.93,25.71,52.7,580.92,24.9,315.56,2939.59,1127.74,34.04,166.53,0.67,116,73.34,8.3,v1.1.0,normal
406,2025-01-09T18:30,B04-Z01,S0025,1,30,25.62,75.88,81.6,25.08,47.04,572.11,27.1,236.53,1954.28,928.03,15.41,160.69,3.54,129,34.52,4.4,v2.0.1,normal
407,2025-01-09T19:00,B01-Z02,S0057,2,41,19.76,74.19,66.24,18.3,50.88,552.89,31.68,103.32,2541.39,1252.31,27.34,157.69,3.43,71,19.1,2.5,v2.1.3,normal
408,2025-01-09T19:30,B04-Z01,S0051,1,44,31.21,84.58,33.78,28.44,60.71,534.72,13.05,348.25,2634.84,941.65,33.35,120.37,2.71,86,54.52,8.6,v1.1.0,normal
409,2025-01-09T20:00,B01-Z01,S0086,1,7,24.01,52.99,33.47,20.47,58.58,701.52,16.01,66.78,3157.36,1441.74,29.58,163.71,1.32,25,40.25,1.4,v2.0.1,normal
410,2025-01-09T20:30,B04-Z03,S0063,3,38,35.82,56.58,49.05,34.01,45.27,536.37,25.16,165.28,3047.92,987.22,34.36,204.27,2.54,37,32.83,3.7,v1.0.2,normal
411,2025-01-09T21:00,B02-Z04,S0074,4,33,35.52,61.17,67.11,32.68,64.1,630.78,39.57,415.03,3028.0,1034.81,31.97,208.91,1.46,49,75.62,0.9,v2.0.1,normal
412,2025-01-09T21:30,B05-Z04,S0016,4,42,26.19,88.57,70.46,23.92,64.39,584.65,35.63,249.86,2452.84,1501.65,18.76,216.33,1.33,32,17.39,1.0,v2.0.1,normal
413,2025-01-09T22:00,B01-Z01,S0056,1,12,33.01,47.25,24.64,34.28,60.71,585.66,14.48,418.12,2585.05,1376.73,38.84,188.45,0.41,99,19.9,4.3,v1.0.2,normal
414,2025-01-09T22:30,B03-Z01,S0118,1,36,23.59,70.38,62.52,21.52,56.56,645.5,22.5,239.85,1989.97,1247.59,28.86,143.12,3.04,81,7.68,5.0,v2.0.1,normal
415,2025-01-09T23:00,B04-Z03,S0046,3,8,25.57,63.46,16.94,24.92,64.15,558.9,8.92,410.97,2661.29,1369.57,22.56,136.69,0.49,119,10.07,7.8,v2.1.3,normal
416,2025-01-09T23:30,B01-Z02,S0011,2,3,32.94,74.24,38.34,29.52,50.81,578.88,15.31,261.34,1885.21,1343.72,33.51,184.19,3.69,40,71.6,3.2,v2.0.1,normal
417,2025-01-10T00:00,B06-Z04,S0120,4,3,26.73,75.95,23.03,22.73,57.08,459.94,7.58,176.97,2086.01,1021.23,26.84,201.6,0.94,113,67.82,8.2,v1.0.2,normal
418,2025-01-10T00:30,B04-Z02,S0019,2,42,21.33,81.83,61.02,18.35,59.83,600.4,27.02,210.47,2206.05,1040.91,31.69,215.5,1.92,31,11.85,5.6,v1.0.2,normal
419,2025-01-10T01:00,B05-Z03,S0039,3,32,29.71,74.57,46.11,31.16,52.09,465.97,26.04,411.99,2441.69,1357.54,15.23,127.41,2.1,145,12.11,3.6,v1.1.0,normal
420,2025-01-10T01:30,B03-Z01,S0101,1,8,23.45,62.73,79.13,26.32,69.41,1571.75,118.15,289.65,1060.83,825.09,58.19,428.56,2.35,41,5.41,2.6,v1.0.2,ventilation_issue
421,2025-01-10T02:00,B04-Z04,S0120,4,3,23.83,55.42,69.02,25.33,60.91,454.79,38.94,104.64,2819.43,1514.58,24.6,217.07,0.56,45,48.52,3.4,v2.1.3,normal
422,2025-01-10T02:30,B04-Z01,S0018,1,40,28.33,53.99,32.67,36.67,76.29,700.6,15.19,97.52,2176.61,1458.23,65.22,175.0,,146,0.42,5.4,v1.0.2,thermal_issue
423,2025-01-10T03:00,B03-Z03,S0024,3,28,35.24,77.77,51.97,32.38,49.15,693.1,23.4,206.69,2299.08,900.24,37.49,203.88,0.57,60,23.86,1.0,v2.0.1,normal
424,2025-01-10T03:30,B01-Z01,S0029,1,19,23.22,82.27,42.33,24.37,81.81,1257.86,49.07,82.09,1027.54,1023.6,41.03,392.49,0.69,8,73.39,0.8,v2.1.3,ventilation_issue
425,2025-01-10T04:00,B03-Z01,S0026,1,44,31.77,51.27,53.3,32.17,63.48,638.9,30.03,374.92,2129.86,1589.96,16.82,214.28,0.55,142,59.14,4.8,v1.1.0,normal
426,2025-01-10T04:30,B03-Z01,S0093,1,34,18.64,67.84,60.52,17.23,51.07,700.45,35.79,207.96,1830.02,1120.64,16.38,195.1,0.36,33,30.97,4.4,v2.1.3,normal
427,2025-01-10T05:00,B05-Z02,S0018,2,34,20.12,72.7,78.25,18.23,51.86,722.96,29.07,446.47,1928.79,865.12,15.25,155.44,,33,65.01,4.4,v2.0.1,normal
428,2025-01-10T05:30,B01-Z02,S0041,2,22,29.79,55.99,35.47,29.43,54.57,460.38,11.46,394.92,2150.28,1538.63,28.59,164.44,1.36,63,44.11,5.2,v2.0.1,normal
429,2025-01-10T06:00,B03-Z03,S0090,3,7,19.88,60.6,43.76,21.58,54.72,445.89,25.1,378.39,2978.0,1185.7,28.02,143.54,3.72,30,51.99,0.7,v1.0.2,normal
430,2025-01-10T06:30,B03-Z01,S0036,1,34,23.41,88.43,19.18,24.54,52.68,426.22,7.96,179.01,2421.63,1317.43,20.61,151.73,1.52,87,,8.8,v2.0.1,normal
431,2025-01-10T07:00,B05-Z03,S0028,3,34,24.14,82.32,45.39,25.71,78.23,1835.41,43.18,283.31,687.37,1433.79,44.7,420.98,2.12,61,30.5,1.7,v1.0.2,ventilation_issue
432,2025-01-10T07:30,B03-Z01,S0103,1,0,22.94,89.95,68.99,20.71,56.42,432.74,26.37,281.69,2176.25,1173.92,21.26,181.83,1.23,120,37.02,0.8,v2.0.1,normal
433,2025-01-10T08:00,B04-Z04,S0082,4,8,21.92,47.64,80.72,22.58,75.26,1414.03,77.3,128.05,743.84,956.62,54.15,358.66,2.6,130,52.37,8.2,v2.0.1,ventilation_issue
434,2025-01-10T08:30,B01-Z02,S0071,2,28,19.09,77.15,33.13,16.63,58.57,702.97,13.45,90.21,2805.65,860.68,30.01,148.47,2.3,110,54.48,8.4,v1.1.0,normal
435,2025-01-10T09:00,B01-Z01,S0042,1,6,24.49,88.88,77.82,22.74,63.85,517.04,24.07,375.13,2315.62,1092.44,22.27,126.51,3.03,56,46.52,3.9,v1.0.2,normal
436,2025-01-10T09:30,B06-Z02,S0093,2,33,31.73,74.21,81.86,33.48,64.85,606.58,49.06,296.77,2682.45,1288.96,33.35,169.29,2.12,63,15.6,3.5,v2.0.1,normal
437,2025-01-10T10:00,B02-Z04,S0059,4,26,35.5,76.19,46.15,37.25,53.2,446.3,21.6,382.85,1907.02,1372.99,24.06,163.26,3.54,36,72.74,5.9,v2.0.1,normal
438,2025-01-10T10:30,B03-Z03,S0041,3,45,25.35,67.73,25.39,24.32,62.63,485.37,8.99,349.71,2435.7,1641.44,19.17,156.05,0.42,34,55.2,5.1,v2.1.3,normal
439,2025-01-10T11:00,B04-Z02,S0046,2,28,30.54,55.86,35.54,28.56,61.49,531.09,17.15,306.02,1950.88,1423.43,33.05,118.11,1.82,131,56.01,1.3,v1.0.2,normal
440,2025-01-10T11:30,B05-Z03,S0076,3,37,29.69,62.07,45.7,28.74,56.76,731.77,15.04,421.94,2216.29,835.64,23.53,172.05,1.64,54,76.28,4.4,v2.0.1,normal
441,2025-01-10T12:00,B05-Z03,S0113,3,42,19.79,57.82,23.3,17.43,53.78,712.17,9.01,97.43,3084.77,833.78,39.72,192.88,2.08,139,47.87,5.3,v1.1.0,normal
442,2025-01-10T12:30,B01-Z01,S0063,1,28,18.46,54.14,80.93,20.89,78.3,1620.89,133.37,252.37,835.95,1623.17,37.74,418.89,0.78,21,53.5,7.2,v1.1.0,ventilation_issue
443,2025-01-10T13:00,B06-Z04,S0010,4,20,27.13,57.42,59.14,26.21,60.54,653.25,23.33,277.69,3094.62,1009.03,25.83,212.56,2.49,97,50.18,8.3,v1.1.0,normal
444,2025-01-10T13:30,B06-Z02,S0026,2,35,20.73,81.62,66.35,18.43,48.97,709.04,38.83,336.9,3000.02,1336.37,33.74,110.35,,61,49.07,6.2,v2.1.3,normal
445,2025-01-10T14:00,B05-Z01,S0085,1,18,33.8,82.83,76.25,43.64,80.78,915.01,48.73,234.4,1852.1,1361.52,52.39,178.46,1.79,89,76.51,6.8,v1.1.0,thermal_issue
446,2025-01-10T14:30,B04-Z04,S0108,4,25,26.81,63.54,31.44,27.56,72.69,1989.81,50.45,225.83,648.64,1340.83,54.29,356.62,0.49,12,17.52,3.3,v2.1.3,ventilation_issue
447,2025-01-10T15:00,B02-Z04,S0074,4,21,27.65,80.08,22.72,32.46,75.27,1229.22,31.49,359.07,1360.22,968.67,35.53,373.09,2.59,41,28.97,8.0,v2.1.3,ventilation_issue
448,2025-01-10T15:30,B06-Z03,S0030,3,2,20.91,61.82,43.94,20.23,49.97,424.5,24.33,177.57,2857.17,905.1,28.16,165.16,3.0,97,21.8,6.4,v1.1.0,normal
449,2025-01-10T16:00,B06-Z04,S0113,4,12,19.53,48.33,65.55,20.1,53.31,424.86,35.99,395.13,2646.82,1190.07,18.8,190.95,1.79,26,24.17,2.9,v2.1.3,normal
450,2025-01-10T16:30,B04-Z01,S0038,1,45,22.0,63.28,34.5,19.71,59.06,587.18,14.31,147.38,3190.42,1278.68,33.19,214.66,1.69,80,29.59,3.5,v1.0.2,normal
451,2025-01-10T17:00,B01-Z04,S0072,4,19,33.57,67.04,32.5,30.42,57.33,576.26,16.8,385.39,2593.29,1540.71,20.81,194.41,,69,47.9,6.7,v2.1.3,normal
452,2025-01-10T17:30,B05-Z02,S0064,2,10,29.74,59.48,64.62,28.83,62.17,747.61,20.96,107.38,1947.06,1220.91,32.48,151.33,3.34,135,70.84,4.9,v2.1.3,normal
453,2025-01-10T18:00,B04-Z01,S0002,1,39,25.84,58.24,79.54,25.9,55.45,622.98,32.73,204.79,2710.31,1434.75,18.54,167.56,1.95,35,26.41,2.0,v2.1.3,normal
454,2025-01-10T18:30,B01-Z01,S0041,1,22,20.71,48.02,83.39,18.58,48.75,649.03,38.47,404.5,2263.45,1574.78,16.53,161.56,0.35,110,22.74,5.8,v2.0.1,normal
455,2025-01-10T19:00,B03-Z04,S0080,4,41,34.82,70.25,59.91,35.04,74.82,1202.98,65.59,188.76,742.66,1540.64,49.09,337.74,2.37,122,64.58,2.4,v1.0.2,ventilation_issue
456,2025-01-10T19:30,B02-Z04,S0028,4,32,32.46,51.59,26.54,33.71,51.47,715.66,8.38,153.9,2516.39,1512.85,25.99,183.13,3.01,82,28.4,5.3,v1.1.0,normal
457,2025-01-10T20:00,B02-Z02,S0082,2,29,30.8,82.79,54.23,32.74,79.72,1785.37,76.04,194.94,948.33,962.34,43.7,323.54,2.46,96,73.65,2.1,v1.0.2,ventilation_issue
458,2025-01-10T20:30,B02-Z03,S0057,3,44,21.51,71.38,37.99,22.98,63.32,585.92,11.55,166.93,2182.24,1410.33,31.18,180.58,2.3,121,,9.5,v2.1.3,normal
459,2025-01-10T21:00,B04-Z04,S0023,4,7,33.75,78.78,71.52,29.98,45.58,715.11,24.74,308.62,2830.67,965.06,36.77,124.48,0.64,5,78.67,3.5,v2.0.1,normal
460,2025-01-10T21:30,B06-Z03,S0022,3,5,28.56,87.49,51.14,33.2,70.08,1937.72,76.85,77.36,651.96,1515.81,55.63,390.21,2.71,1,50.82,3.3,v2.0.1,ventilation_issue
461,2025-01-10T22:00,B01-Z04,S0044,4,0,33.05,48.87,80.12,29.58,63.36,480.23,26.11,206.07,2244.5,1345.97,30.67,112.21,2.83,49,66.98,7.2,v1.1.0,normal
462,2025-01-10T22:30,B03-Z02,S0007,2,22,23.17,57.55,54.55,21.65,61.71,510.02,19.63,196.06,3170.99,831.22,21.48,158.36,1.87,150,66.54,4.0,v1.1.0,normal
463,2025-01-10T23:00,B06-Z03,S0056,3,2,32.6,80.83,29.52,32.8,55.08,693.85,15.89,261.64,1927.06,1279.2,34.34,138.4,1.96,9,25.84,3.4,v1.0.2,normal
464,2025-01-10T23:30,B06-Z01,S0046,1,29,18.14,63.96,38.43,21.03,62.51,2013.15,45.18,330.85,973.47,1310.8,39.65,323.04,1.96,124,57.87,6.6,v2.0.1,ventilation_issue
465,2025-01-11T00:00,B01-Z02,S0119,2,44,31.74,85.54,50.49,33.27,79.35,2053.98,63.65,137.4,622.84,1615.93,47.81,449.13,2.93,24,26.65,3.3,v1.1.0,ventilation_issue
466,2025-01-11T00:30,B03-Z04,S0059,4,23,26.29,74.64,29.03,23.32,51.15,480.92,16.18,,2411.17,980.62,33.1,126.96,0.65,121,31.52,6.5,v2.1.3,normal
467,2025-01-11T01:00,B06-Z03,S0032,3,31,19.72,50.78,68.41,19.52,79.33,1998.02,112.04,438.39,1184.3,999.88,45.61,375.14,,93,14.25,3.6,v1.0.2,ventilation_issue
468,2025-01-11T01:30,B05-Z04,S0077,4,30,34.46,74.05,24.67,34.59,65.28,1535.4,29.74,,1123.24,1509.1,45.64,359.89,1.78,120,54.59,7.8,v2.0.1,ventilation_issue
469,2025-01-11T02:00,B06-Z02,S0094,2,19,33.52,81.16,15.86,31.43,56.49,546.72,6.92,349.41,2480.6,1463.85,39.0,154.19,3.12,86,40.16,8.1,v2.0.1,normal
470,2025-01-11T02:30,B01-Z04,S0101,4,27,25.63,79.18,75.92,22.11,45.14,732.91,38.89,169.87,2160.97,1383.43,27.87,177.6,2.01,65,71.13,4.3,v2.0.1,normal
471,2025-01-11T03:00,B01-Z01,S0070,1,8,23.28,63.77,46.27,21.07,45.71,456.86,24.04,306.84,2543.78,1007.49,24.91,129.28,1.26,135,55.12,5.6,v1.0.2,normal
472,2025-01-11T03:30,B01-Z03,S0042,3,,20.64,88.96,59.65,21.93,52.64,743.49,19.3,160.17,3098.42,898.96,33.73,156.48,3.39,50,34.67,5.6,v2.0.1,normal
473,2025-01-11T04:00,B05-Z04,S0066,4,25,32.29,76.24,18.42,31.73,49.3,728.71,7.04,324.5,2764.41,1152.18,19.64,165.17,1.73,34,,3.0,v2.1.3,normal
474,2025-01-11T04:30,B05-Z04,S0102,4,24,23.73,54.96,16.27,31.34,71.4,743.92,11.14,277.49,2192.37,1526.2,59.7,232.52,1.42,128,12.14,2.4,v1.1.0,thermal_issue
475,2025-01-11T05:00,B06-Z02,S0050,2,43,18.58,83.35,82.74,18.37,56.23,533.95,29.97,120.8,3178.82,1450.2,24.23,142.1,2.48,73,33.23,5.5,v2.1.3,normal
476,2025-01-11T05:30,B02-Z04,S0049,4,25,20.37,72.32,74.48,19.95,65.46,2092.13,105.29,197.29,742.9,1335.73,38.98,428.85,3.45,82,61.64,5.0,v2.1.3,ventilation_issue
477,2025-01-11T06:00,B02-Z04,S0110,4,6,31.62,57.88,79.72,28.56,62.47,552.02,24.0,314.71,2961.81,917.79,34.07,182.18,1.74,129,49.51,9.5,v2.1.3,normal
478,2025-01-11T06:30,B01-Z01,S0042,1,29,21.0,73.15,62.91,22.71,45.45,618.44,33.78,401.11,2345.08,1049.03,27.78,131.23,3.58,8,25.82,2.4,v2.1.3,normal
479,2025-01-11T07:00,B04-Z03,S0032,3,4,25.99,55.88,27.38,24.76,57.83,685.22,15.1,,3020.92,1646.2,37.72,136.93,,99,69.37,1.1,v2.1.3,normal
480,2025-01-11T07:30,B03-Z01,S0114,1,23,20.18,79.95,60.3,19.39,45.47,578.67,31.22,421.68,2210.15,1520.01,24.96,200.45,1.84,149,8.29,7.3,v1.0.2,normal
481,2025-01-11T08:00,B06-Z04,S0022,4,21,29.82,51.39,32.01,28.72,50.29,528.91,16.26,233.42,2441.54,1447.12,32.73,192.78,2.75,38,47.55,5.2,v1.0.2,normal
482,2025-01-11T08:30,B02-Z04,S0113,4,18,24.53,58.1,81.14,21.48,57.68,576.84,35.05,160.35,2212.83,810.26,33.59,186.46,3.28,94,11.87,7.0,v2.1.3,normal
483,2025-01-11T09:00,B04-Z04,S0080,4,24,35.5,73.97,56.1,37.51,73.08,1477.98,97.25,,1118.7,1036.57,56.77,387.49,1.5,31,17.94,6.3,v2.0.1,ventilation_issue
484,2025-01-11T09:30,B04-Z04,S0059,4,32,29.5,45.55,67.24,30.41,60.75,716.38,35.13,275.78,2308.98,847.58,15.82,178.9,2.89,146,77.63,5.2,v1.1.0,normal
485,2025-01-11T10:00,B03-Z01,S0103,1,4,30.41,74.29,32.16,30.55,54.12,433.28,15.52,111.69,2572.77,1205.69,17.28,130.9,1.03,26,60.93,5.3,v1.0.2,normal
486,2025-01-11T10:30,B03-Z03,S0102,3,28,21.54,50.24,20.84,18.72,55.85,490.95,9.3,135.97,2597.06,1441.38,29.54,204.73,2.45,70,0.04,4.9,v1.1.0,normal
487,2025-01-11T11:00,B03-Z03,S0065,3,0,23.11,74.04,33.49,22.3,51.82,643.69,15.1,440.0,2676.29,1058.94,17.79,193.23,0.87,114,34.56,3.6,v1.1.0,normal
488,2025-01-11T11:30,B02-Z03,S0100,3,25,22.17,58.82,36.38,22.77,54.44,645.97,21.04,392.42,2094.41,1355.47,31.8,145.61,0.85,107,78.49,7.5,v2.0.1,normal
489,2025-01-11T12:00,B02-Z04,S0120,4,,34.82,82.55,40.96,32.66,59.53,693.65,16.16,81.57,2231.22,1033.08,29.08,193.9,2.56,52,36.55,2.4,v2.0.1,normal
490,2025-01-11T12:30,B03-Z02,S0107,2,30,23.79,80.59,37.8,23.15,48.99,490.94,17.04,291.25,2998.96,1615.77,17.67,136.75,3.61,125,31.21,2.7,v2.1.3,normal
491,2025-01-11T13:00,B01-Z02,S0013,2,37,24.17,69.21,45.67,21.88,54.44,710.68,14.71,138.0,3168.05,1021.61,33.31,200.67,1.16,136,61.02,7.9,v1.0.2,normal
492,2025-01-11T13:30,B02-Z01,S0099,1,12,33.67,76.47,66.73,38.41,69.03,1872.7,104.94,334.58,771.85,901.31,43.03,351.88,2.92,106,,4.3,v2.1.3,ventilation_issue
493,2025-01-11T14:00,B01-Z02,S0107,2,4,34.43,68.05,16.13,33.05,45.64,586.39,8.7,439.95,2906.19,874.57,27.3,173.23,2.16,120,67.7,6.0,v1.1.0,normal
494,2025-01-11T14:30,B01-Z03,S0099,3,27,32.72,65.96,77.25,34.69,48.04,529.04,27.39,216.57,2605.31,1074.03,26.35,195.92,2.48,39,0.68,2.8,v1.1.0,normal
495,2025-01-11T15:00,B05-Z03,S0087,3,6,27.58,74.41,29.02,31.51,83.13,1993.24,44.79,,1061.48,1611.46,39.72,340.76,3.26,84,43.21,8.3,v1.1.0,ventilation_issue
496,2025-01-11T15:30,B06-Z02,S0027,2,,20.94,89.6,31.31,22.46,60.45,429.01,17.64,393.13,3122.14,1455.34,18.08,214.28,0.47,32,15.89,1.3,v1.1.0,normal
497,2025-01-11T16:00,B05-Z01,S0117,1,30,27.3,52.33,29.67,28.94,59.81,538.27,17.76,103.68,2381.18,1528.87,20.26,119.99,0.33,91,32.02,3.7,v2.0.1,normal
498,2025-01-11T16:30,B01-Z03,S0056,3,15,29.74,55.32,64.08,39.47,87.82,1037.97,26.04,63.62,2357.08,1306.77,63.24,266.65,0.79,54,3.12,8.3,v2.0.1,thermal_issue
499,2025-01-11T17:00,B03-Z04,S0080,4,19,20.83,52.76,80.54,22.62,59.84,687.41,28.55,205.54,3030.71,821.96,17.73,127.86,2.48,8,,8.5,v1.0.2,normal
500,2025-01-11T17:30,B06-Z04,S0112,4,29,25.34,69.28,68.38,25.68,48.39,453.04,27.67,393.89,2111.78,1064.72,25.5,117.3,0.77,121,50.95,8.6,v2.0.1,normal
